VBCSCompilerPreWarmer: pre-warm launched (dotnet PID 25828)
VBCSCompiler prewarm took 115.11 ms
[Licensing::Module] Trying to connect to existing licensing client channel...
Built from '6000.6/respin/6000.6.0f1-fa21a270ab12' branch; Version is '6000.6.0f1 (f7f8ed4d1e24) revision 16251117'; Using compiler version '194234433'; Build Type 'Release'
OS: 'Windows 11  (10.0.26200) Professional' Language: 'en' Physical Memory: 16059 MB
BatchMode: 0, IsHumanControllingUs: 1, StartBugReporterOnCrash: 1, Is64bit: 1
System  architecture: x64
Process architecture: x64
Date: 2026-09-20T15:01:42Z
[Licensing::IpcConnector] Successfully connected to: "LicenseClient-doria" at "2026-09-20T15:01:42.0168238Z"
[Licensing::Client] Code 10 while verifying Licensing Client signature (process Id: 28304, path: "C:/Program Files/Unity Hub/UnityLicensingClient_V1/Unity.Licensing.Client.exe")
[Licensing::Module] LicensingClient has failed validation; ignoring
[Licensing::Client] Handshaking with LicensingClient:
  Version:                 1.18.3+d7ffd15
  Session Id:              eaa6eeef1c27427c96879188e7adfc64
  Correlation Id:          63aced60d37697a7e8c82ee6a024781b
  External correlation Id: 3588871236695997210
  Machine Id:              I5OkDT2zQEDfBdwoIMoXqrFtd30=
[Licensing::Module] Successfully connected to LicensingClient on channel: "LicenseClient-doria" (connect: 0.00s, validation: 0.01s, handshake: 0.25s)
[Licensing::IpcConnector] Successfully connected to: "LicenseClient-doria-notifications" at "2026-09-20T15:01:42.2729312Z"
[Licensing::Client] Successfully updated the access token
[Licensing::Module] Successfully updated the access token ElCE4bcV2U...
[Licensing::Client] Successfully resolved entitlement details
[Licensing::Module] License group:
  Id: 3573470352323-UnityPersXXXX
  Product: Unity Personal
  Type: Assigned
  Expiration: Unlimited
[Licensing::Client] Successfully updated license, isAsync: True, time: 0.01
[Licensing::Client] Successfully resolved entitlement details
[Licensing::Module] Licensing Background thread has ended after 0.29s

COMMAND LINE ARGUMENTS:
C:\Program Files\Unity\Hub\Editor\6000.6.0f1\Editor\Unity.exe
-projectpath
C:\Users\doria\Documents\Game Dev Term 3\Game Programming 2\Demos\Vector Demo
-acceptSoftwareTermsForThisRunOnly
-useHub
-hubIPC
-cloudEnvironment
production
-licensingIpc
LicenseClient-doria
-hubSessionId
6c49a759-6603-4b17-ab72-c8e915bcd38e
-accessToken
ElCE4bcV2Ugslq4s42ZpFgzm2W8V_8MGayUzJlLYu1Q003f
Successfully changed project path to: C:\Users\doria\Documents\Game Dev Term 3\Game Programming 2\Demos\Vector Demo
C:/Users/doria/Documents/Game Dev Term 3/Game Programming 2/Demos/Vector Demo
[UnityMemory] Configuration Parameters - Can be set up in boot.config
    "memorysetup-temp-allocator-size-gi-baking-worker=262144"
    "memorysetup-temp-allocator-size-gi-baking-worker=262144"
    "memorysetup-temp-allocator-size-gi-baking-worker=262144"
    "memorysetup-temp-allocator-size-gi-baking-worker=262144"
    "memorysetup-temp-allocator-size-gi-baking-worker=262144"
    "memorysetup-temp-allocator-size-nav-mesh-worker=65536"
    "memorysetup-temp-allocator-size-audio-worker=65536"
    "memorysetup-temp-allocator-size-cloud-worker=32768"
    "memorysetup-temp-allocator-size-gfx=262144"
    "memorysetup-remapper-allocator-initial-capacity=32768"
    "memorysetup-temp-allocator-size-preload-manager=33554432"
    "memorysetup-allocator-temp-initial-block-size-main=262144"
    "memorysetup-allocator-temp-initial-block-size-worker=262144"
    "memorysetup-temp-allocator-size-job-worker=262144"
    "memorysetup-temp-allocator-size-background-worker=32768"
    "memorysetup-bucket-allocator-granularity=16"
    "memorysetup-bucket-allocator-bucket-count=8"
    "memorysetup-bucket-allocator-block-size=33554432"
    "memorysetup-bucket-allocator-block-count=8"
    "memorysetup-main-allocator-block-size=16777216"
    "memorysetup-thread-allocator-block-size=16777216"
    "memorysetup-main-allocator-mimalloc-enabled=1"
    "memorysetup-gfx-main-allocator-block-size=16777216"
    "memorysetup-gfx-thread-allocator-block-size=16777216"
    "memorysetup-cache-allocator-block-size=4194304"
    "memorysetup-typetree-allocator-block-size=2097152"
    "memorysetup-profiler-bucket-allocator-granularity=16"
    "memorysetup-profiler-bucket-allocator-bucket-count=8"
    "memorysetup-profiler-bucket-allocator-block-size=33554432"
    "memorysetup-profiler-bucket-allocator-block-count=8"
    "memorysetup-profiler-allocator-block-size=16777216"
    "memorysetup-profiler-editor-allocator-block-size=1048576"
    "memorysetup-temp-allocator-size-main=16777216"
    "memorysetup-job-temp-allocator-block-size=2097152"
    "memorysetup-job-temp-allocator-block-size-background=1048576"
    "memorysetup-job-temp-allocator-reduction-small-platforms=262144"
Player connection [16940]  Target information:

Player connection [16940]  * "[IP] 10.0.0.196 [Port] 55504 [Flags] 2 [Guid] 162459396 [EditorId] 162459396 [Version] 1048832 [Id] WindowsEditor(7,Death_Star_II) [Debug] 1 [PackageName] WindowsEditor [ProjectName] Editor" 

Player connection [16940] Host joined multi-casting on [225.0.0.222:54997]...
Player connection [16940] Host joined alternative multi-casting on [225.0.0.222:34997]...
Input System module state changed to: Initialized.
[Physics::Module] Initialized fallback backend.
[Physics::Module] Id: 0xdecafbad
[Package Manager] Connected to IPC stream "Upm-17340" after 0.0 seconds.
[Licensing::Client] Successfully resolved entitlement details
Library Redirect Path: Library/
Initialising UDS system complete:
  - System type: Client
  - Resource namespace: fd29eeda4578b9e8c90a5dc8a77757db
  - Shared memory size: 1073741824
  - Command buffer id: 1052576
  - Command buffer size: 8192
  - Hashmap size: 4194304
  - Service connected: false
Launching Unity Data Store - C:/Program Files/Unity/Hub/Editor/6000.6.0f1/Editor/Data/Tools/Unity.DataStore.exe 
Unity Data Store artifact dir = Library/DataStore, working dir = C:/Users/doria/Documents/Game Dev Term 3/Game Programming 2/Demos/Vector Demo[Physics::Module] Selected backend.
[Physics::Module] Name: PhysX
[Physics::Module] Id: 0xf2b8ea05
[Physics::Module] SDK Version: 4.1.2
[Physics::Module] Integration Version: 1.0.0
[Physics::Module] Threading Mode: Multi-Threaded
Unity Data Store running and initialised
Initialize engine version: 6000.6.0f1 (f7f8ed4d1e24)
[EntityIdStore] init: VM path (explicit commit), pageSize=4096, blockCount=1048576, entitiesPerBlock=256, slots reserved=4294967296 bytes
[Subsystems] Discovering subsystems at path C:/Program Files/Unity/Hub/Editor/6000.6.0f1/Editor/Data/Resources/UnitySubsystems
[Subsystems] Discovering subsystems at path C:/Users/doria/Documents/Game Dev Term 3/Game Programming 2/Demos/Vector Demo/Assets
GfxDevice: creating device client; kGfxThreadingModeThreaded
Direct3D:
    Version:  Direct3D 11.0 [level 11.1]
    Renderer: Intel(R) Iris(R) Xe Graphics (ID=0x46a8)
    Vendor:   Intel
    VRAM:     8029 MB
    Driver:   32.0.101.7085
Initialize mono
Mono path[0] = 'C:/Program Files/Unity/Hub/Editor/6000.6.0f1/Editor/Data/Managed'
Mono path[1] = 'C:/Program Files/Unity/Hub/Editor/6000.6.0f1/Editor/Data/BCLExtensions/runtime/netstandard2.1'
Mono path[2] = 'C:/Program Files/Unity/Hub/Editor/6000.6.0f1/Editor/Data/MonoBleedingEdge/lib/mono/unityjit-win32'
Mono config path = 'C:/Program Files/Unity/Hub/Editor/6000.6.0f1/Editor/Data/MonoBleedingEdge/etc'
Using monoOptions --debugger-agent=transport=dt_socket,embedding=1,server=y,suspend=n,address=127.0.0.1:56340
CodeReloadManager initialized
ImportWorker Server TCP listen port: 0
AcceleratorClientConnectionCallback - disconnected - :0
Begin MonoManager ReloadAssembly
Registering precompiled unity dll's ...
Register platform support module: C:/Program Files/Unity/Hub/Editor/6000.6.0f1/Editor/Data/PlaybackEngines/WindowsStandaloneSupport/UnityEditor.WindowsStandalone.Extensions.dll
Registered in 0.004100 seconds.
Native extension for WindowsStandalone target not found
Package Manager log level set to [2]
ScheduleIndexationOnStartup MainProcess:False IndexOnStartup:True
Scripting: successfully reloaded assembly
- Finished resetting the current domain, in  2.244 seconds
Domain Reload Profiling: 3312ms
	BeginReloadAssembly (276ms)
		CreateAndSetChildDomain (12ms)
	RebuildCommonClasses (8ms)
	RebuildNativeTypeToScriptingClass (37ms)
	initialDomainReloadingComplete (126ms)
	LoadAllAssembliesAndSetupDomain (616ms)
		LoadAssemblies (261ms)
		TypeCache.Refresh (435ms)
			TypeCache.ScanAssembly (408ms)
		AnalyzeDomain (1ms)
	FinalizeReload (2248ms)
		SetupLoadedEditorAssemblies (0ms)
			LogAssemblyErrors (3ms)
			InitializePlatformSupportModulesInManaged (3ms)
			BeforeProcessingInitializeOnLoad (195ms)
			ProcessInitializeOnLoadAttributes (197ms)
			ProcessInitializeOnLoadMethodAttributes (1283ms)
			EditorAssembliesLoaded (5ms)
[Licensing::Client] Successfully resolved entitlement details
Application.AssetDatabase Initial Refresh Start
[Package Manager] Restoring resolved packages state from cache
[Licensing::Client] Successfully resolved entitlement details
[Package Manager] Registered 62 packages:
  Packages from [https://packages.unity.com]:
    com.unity.ai.navigation@2.0.14 (location: C:\Users\doria\Documents\Game Dev Term 3\Game Programming 2\Demos\Vector Demo\Library\PackageCache\com.unity.ai.navigation@134dd6a3b97b)
    com.unity.behavior@1.0.16 (location: C:\Users\doria\Documents\Game Dev Term 3\Game Programming 2\Demos\Vector Demo\Library\PackageCache\com.unity.behavior@1b9c0eccba9c)
    com.unity.collab-proxy@2.13.6 (location: C:\Users\doria\Documents\Game Dev Term 3\Game Programming 2\Demos\Vector Demo\Library\PackageCache\com.unity.collab-proxy@4628d2ba6ea4)
    com.unity.ide.rider@3.0.38 (location: C:\Users\doria\Documents\Game Dev Term 3\Game Programming 2\Demos\Vector Demo\Library\PackageCache\com.unity.ide.rider@1f60b3138684)
    com.unity.ide.visualstudio@2.0.26 (location: C:\Users\doria\Documents\Game Dev Term 3\Game Programming 2\Demos\Vector Demo\Library\PackageCache\com.unity.ide.visualstudio@a99d56dec63f)
    com.unity.inputsystem@1.20.0 (location: C:\Users\doria\Documents\Game Dev Term 3\Game Programming 2\Demos\Vector Demo\Library\PackageCache\com.unity.inputsystem@7a4e1a2a8194)
    com.unity.visualscripting@1.9.12 (location: C:\Users\doria\Documents\Game Dev Term 3\Game Programming 2\Demos\Vector Demo\Library\PackageCache\com.unity.visualscripting@4edfcc09512f)
    com.unity.dt.app-ui@2.1.11 (location: C:\Users\doria\Documents\Game Dev Term 3\Game Programming 2\Demos\Vector Demo\Library\PackageCache\com.unity.dt.app-ui@cd5609b130ce)
    com.unity.nuget.newtonsoft-json@3.2.2 (location: C:\Users\doria\Documents\Game Dev Term 3\Game Programming 2\Demos\Vector Demo\Library\PackageCache\com.unity.nuget.newtonsoft-json@4dfd81071c64)
    com.unity.searcher@4.9.5 (location: C:\Users\doria\Documents\Game Dev Term 3\Game Programming 2\Demos\Vector Demo\Library\PackageCache\com.unity.searcher@a463122f2c00)
    com.unity.profiling.core@1.0.3 (location: C:\Users\doria\Documents\Game Dev Term 3\Game Programming 2\Demos\Vector Demo\Library\PackageCache\com.unity.profiling.core@8a49f7027d06)
    com.unity.nuget.mono-cecil@1.11.6 (location: C:\Users\doria\Documents\Game Dev Term 3\Game Programming 2\Demos\Vector Demo\Library\PackageCache\com.unity.nuget.mono-cecil@ecb9724e46ff)
  Built-in packages:
    com.unity.render-pipelines.universal@17.6.0 (location: C:\Users\doria\Documents\Game Dev Term 3\Game Programming 2\Demos\Vector Demo\Library\PackageCache\com.unity.render-pipelines.universal@8457e85b8184)
    com.unity.test-framework@1.8.0 (location: C:\Users\doria\Documents\Game Dev Term 3\Game Programming 2\Demos\Vector Demo\Library\PackageCache\com.unity.test-framework@7a3849e09bd0)
    com.unity.timeline@6.6.0 (location: C:\Users\doria\Documents\Game Dev Term 3\Game Programming 2\Demos\Vector Demo\Library\PackageCache\com.unity.timeline@281d5f7e7d7d)
    com.unity.ugui@2.6.0 (location: C:\Users\doria\Documents\Game Dev Term 3\Game Programming 2\Demos\Vector Demo\Library\PackageCache\com.unity.ugui@23caec89ae27)
    com.unity.modules.accessibility@1.0.0 (location: C:\Users\doria\Documents\Game Dev Term 3\Game Programming 2\Demos\Vector Demo\Library\PackageCache\com.unity.modules.accessibility)
    com.unity.modules.adaptiveperformance@1.0.0 (location: C:\Users\doria\Documents\Game Dev Term 3\Game Programming 2\Demos\Vector Demo\Library\PackageCache\com.unity.modules.adaptiveperformance)
    com.unity.modules.ai@1.0.0 (location: C:\Users\doria\Documents\Game Dev Term 3\Game Programming 2\Demos\Vector Demo\Library\PackageCache\com.unity.modules.ai)
    com.unity.modules.androidjni@1.0.0 (location: C:\Users\doria\Documents\Game Dev Term 3\Game Programming 2\Demos\Vector Demo\Library\PackageCache\com.unity.modules.androidjni)
    com.unity.modules.animation@1.0.0 (location: C:\Users\doria\Documents\Game Dev Term 3\Game Programming 2\Demos\Vector Demo\Library\PackageCache\com.unity.modules.animation)
    com.unity.modules.assetbundle@1.0.0 (location: C:\Users\doria\Documents\Game Dev Term 3\Game Programming 2\Demos\Vector Demo\Library\PackageCache\com.unity.modules.assetbundle)
    com.unity.modules.audio@1.0.0 (location: C:\Users\doria\Documents\Game Dev Term 3\Game Programming 2\Demos\Vector Demo\Library\PackageCache\com.unity.modules.audio)
    com.unity.modules.cloth@1.0.0 (location: C:\Users\doria\Documents\Game Dev Term 3\Game Programming 2\Demos\Vector Demo\Library\PackageCache\com.unity.modules.cloth)
    com.unity.modules.director@1.0.0 (location: C:\Users\doria\Documents\Game Dev Term 3\Game Programming 2\Demos\Vector Demo\Library\PackageCache\com.unity.modules.director)
    com.unity.modules.imageconversion@1.0.0 (location: C:\Users\doria\Documents\Game Dev Term 3\Game Programming 2\Demos\Vector Demo\Library\PackageCache\com.unity.modules.imageconversion)
    com.unity.modules.imgui@1.0.0 (location: C:\Users\doria\Documents\Game Dev Term 3\Game Programming 2\Demos\Vector Demo\Library\PackageCache\com.unity.modules.imgui)
    com.unity.modules.jsonserialize@1.0.0 (location: C:\Users\doria\Documents\Game Dev Term 3\Game Programming 2\Demos\Vector Demo\Library\PackageCache\com.unity.modules.jsonserialize)
    com.unity.modules.particlesystem@1.0.0 (location: C:\Users\doria\Documents\Game Dev Term 3\Game Programming 2\Demos\Vector Demo\Library\PackageCache\com.unity.modules.particlesystem)
    com.unity.modules.physics@1.0.0 (location: C:\Users\doria\Documents\Game Dev Term 3\Game Programming 2\Demos\Vector Demo\Library\PackageCache\com.unity.modules.physics)
    com.unity.modules.physics2d@1.0.0 (location: C:\Users\doria\Documents\Game Dev Term 3\Game Programming 2\Demos\Vector Demo\Library\PackageCache\com.unity.modules.physics2d)
    com.unity.modules.physicscore2d@1.0.0 (location: C:\Users\doria\Documents\Game Dev Term 3\Game Programming 2\Demos\Vector Demo\Library\PackageCache\com.unity.modules.physicscore2d)
    com.unity.modules.screencapture@1.0.0 (location: C:\Users\doria\Documents\Game Dev Term 3\Game Programming 2\Demos\Vector Demo\Library\PackageCache\com.unity.modules.screencapture)
    com.unity.modules.terrain@1.0.0 (location: C:\Users\doria\Documents\Game Dev Term 3\Game Programming 2\Demos\Vector Demo\Library\PackageCache\com.unity.modules.terrain)
    com.unity.modules.terrainphysics@1.0.0 (location: C:\Users\doria\Documents\Game Dev Term 3\Game Programming 2\Demos\Vector Demo\Library\PackageCache\com.unity.modules.terrainphysics)
    com.unity.modules.tetgen@1.0.0 (location: C:\Users\doria\Documents\Game Dev Term 3\Game Programming 2\Demos\Vector Demo\Library\PackageCache\com.unity.modules.tetgen)
    com.unity.modules.tilemap@1.0.0 (location: C:\Users\doria\Documents\Game Dev Term 3\Game Programming 2\Demos\Vector Demo\Library\PackageCache\com.unity.modules.tilemap)
    com.unity.modules.timelinefoundation@1.0.0 (location: C:\Users\doria\Documents\Game Dev Term 3\Game Programming 2\Demos\Vector Demo\Library\PackageCache\com.unity.modules.timelinefoundation)
    com.unity.modules.ui@1.0.0 (location: C:\Users\doria\Documents\Game Dev Term 3\Game Programming 2\Demos\Vector Demo\Library\PackageCache\com.unity.modules.ui)
    com.unity.modules.uielements@1.0.0 (location: C:\Users\doria\Documents\Game Dev Term 3\Game Programming 2\Demos\Vector Demo\Library\PackageCache\com.unity.modules.uielements)
    com.unity.modules.umbra@1.0.0 (location: C:\Users\doria\Documents\Game Dev Term 3\Game Programming 2\Demos\Vector Demo\Library\PackageCache\com.unity.modules.umbra)
    com.unity.modules.unityanalytics@1.0.0 (location: C:\Users\doria\Documents\Game Dev Term 3\Game Programming 2\Demos\Vector Demo\Library\PackageCache\com.unity.modules.unityanalytics)
    com.unity.modules.unitywebrequest@1.0.0 (location: C:\Users\doria\Documents\Game Dev Term 3\Game Programming 2\Demos\Vector Demo\Library\PackageCache\com.unity.modules.unitywebrequest)
    com.unity.modules.unitywebrequestassetbundle@1.0.0 (location: C:\Users\doria\Documents\Game Dev Term 3\Game Programming 2\Demos\Vector Demo\Library\PackageCache\com.unity.modules.unitywebrequestassetbundle)
    com.unity.modules.unitywebrequestaudio@1.0.0 (location: C:\Users\doria\Documents\Game Dev Term 3\Game Programming 2\Demos\Vector Demo\Library\PackageCache\com.unity.modules.unitywebrequestaudio)
    com.unity.modules.unitywebrequesttexture@1.0.0 (location: C:\Users\doria\Documents\Game Dev Term 3\Game Programming 2\Demos\Vector Demo\Library\PackageCache\com.unity.modules.unitywebrequesttexture)
    com.unity.modules.unitywebrequestwww@1.0.0 (location: C:\Users\doria\Documents\Game Dev Term 3\Game Programming 2\Demos\Vector Demo\Library\PackageCache\com.unity.modules.unitywebrequestwww)
    com.unity.modules.vectorgraphics@1.0.0 (location: C:\Users\doria\Documents\Game Dev Term 3\Game Programming 2\Demos\Vector Demo\Library\PackageCache\com.unity.modules.vectorgraphics)
    com.unity.modules.vehicles@1.0.0 (location: C:\Users\doria\Documents\Game Dev Term 3\Game Programming 2\Demos\Vector Demo\Library\PackageCache\com.unity.modules.vehicles)
    com.unity.modules.video@1.0.0 (location: C:\Users\doria\Documents\Game Dev Term 3\Game Programming 2\Demos\Vector Demo\Library\PackageCache\com.unity.modules.video)
    com.unity.modules.wind@1.0.0 (location: C:\Users\doria\Documents\Game Dev Term 3\Game Programming 2\Demos\Vector Demo\Library\PackageCache\com.unity.modules.wind)
    com.unity.modules.xr@1.0.0 (location: C:\Users\doria\Documents\Game Dev Term 3\Game Programming 2\Demos\Vector Demo\Library\PackageCache\com.unity.modules.xr)
    com.unity.modules.subsystems@1.0.0 (location: C:\Users\doria\Documents\Game Dev Term 3\Game Programming 2\Demos\Vector Demo\Library\PackageCache\com.unity.modules.subsystems)
    com.unity.modules.hierarchycore@1.0.0 (location: C:\Users\doria\Documents\Game Dev Term 3\Game Programming 2\Demos\Vector Demo\Library\PackageCache\com.unity.modules.hierarchycore)
    com.unity.ext.nunit@2.1.0 (location: C:\Users\doria\Documents\Game Dev Term 3\Game Programming 2\Demos\Vector Demo\Library\PackageCache\com.unity.ext.nunit@0198eae3b53e)
    com.unity.render-pipelines.core@17.6.0 (location: C:\Users\doria\Documents\Game Dev Term 3\Game Programming 2\Demos\Vector Demo\Library\PackageCache\com.unity.render-pipelines.core@2d66c71e606e)
    com.unity.shadergraph@17.6.0 (location: C:\Users\doria\Documents\Game Dev Term 3\Game Programming 2\Demos\Vector Demo\Library\PackageCache\com.unity.shadergraph@ef6135652377)
    com.unity.render-pipelines.universal-config@17.6.0 (location: C:\Users\doria\Documents\Game Dev Term 3\Game Programming 2\Demos\Vector Demo\Library\PackageCache\com.unity.render-pipelines.universal-config@561422b74439)
    com.unity.burst@2.0.0 (location: C:\Users\doria\Documents\Game Dev Term 3\Game Programming 2\Demos\Vector Demo\Library\PackageCache\com.unity.burst@626e66ab421b)
    com.unity.collections@6.6.0 (location: C:\Users\doria\Documents\Game Dev Term 3\Game Programming 2\Demos\Vector Demo\Library\PackageCache\com.unity.collections@10fff0607388)
    com.unity.graph-authoring@1.0.0 (location: C:\Users\doria\Documents\Game Dev Term 3\Game Programming 2\Demos\Vector Demo\Library\PackageCache\com.unity.graph-authoring@cfd2588851ee)
    com.unity.test-framework.performance@6.6.0 (location: C:\Users\doria\Documents\Game Dev Term 3\Game Programming 2\Demos\Vector Demo\Library\PackageCache\com.unity.test-framework.performance@0a60b857a52e)
[Subsystems] No new subsystems found in resolved package list.
[Package Manager] Done registering packages in 0.07 seconds
Starting: C:\Program Files\Unity\Hub\Editor\6000.6.0f1\Editor\Data\Tools\BuildPipeline\bee_backend.exe --ipc --defer-dag-verification --dagfile="Library/Bee/1900b0aE.dag" --continue-on-failure --profile="Library/Bee/backend1.traceevents" ScriptAssemblies
WorkingDir: C:/Users/doria/Documents/Game Dev Term 3/Game Programming 2/Demos/Vector Demo
Starting: C:\Program Files\Unity\Hub\Editor\6000.6.0f1\Editor\Data\DotNetSdk\dotnet.exe "C:\Program Files\Unity\Hub\Editor\6000.6.0f1\Editor\Data\Tools\BuildPipeline\ScriptCompilationBuildProgram.exe" "Library/Bee/1900b0aE.dag.json" "Library/Bee/1900b0aE-inputdata.json" "Library\Bee\buildprogram0.traceevents"
WorkingDir: C:/Users/doria/Documents/Game Dev Term 3/Game Programming 2/Demos/Vector Demo
ExitCode: 4 Duration: 0s654ms
Rebuilding DAG because FileSignature timestamp changed: Library/Bee/1900b0aE-inputdata.json
*** Tundra requires additional run (0.47 seconds), 0 items updated, 627 evaluated
ExitCode: 0 Duration: 10s
Starting: C:\Program Files\Unity\Hub\Editor\6000.6.0f1\Editor\Data\Tools\BuildPipeline\bee_backend.exe --ipc --defer-dag-verification --dagfile="Library/Bee/1900b0aE.dag" --continue-on-failure --dagfilejson="Library\Bee\1900b0aE.dag.json" --profile="Library/Bee/backend2.traceevents" ScriptAssemblies
WorkingDir: C:/Users/doria/Documents/Game Dev Term 3/Game Programming 2/Demos/Vector Demo
warn: Unity.ILPP.Runner.PostProcessingAssemblyLoadContext[0]
      Assembly system.runtime.interopservices.windowsruntime has duplicate hint path. Ignoring "C:\Program Files\Unity\Hub\Editor\6000.6.0f1\Editor\Data\UnityReferenceAssemblies\unity-4.8-api\Facades\System.Runtime.InteropServices.WindowsRuntime.dll" in favor of "C:\Program Files\Unity\Hub\Editor\6000.6.0f1\Editor\Data\NetStandard\Extensions\2.0.0\System.Runtime.InteropServices.WindowsRuntime.dll"
warn: Unity.ILPP.Runner.PostProcessingAssemblyLoadContext[0]
      Assembly system.componentmodel.composition has duplicate hint path. Ignoring "C:\Program Files\Unity\Hub\Editor\6000.6.0f1\Editor\Data\UnityReferenceAssemblies\unity-4.8-api\System.ComponentModel.Composition.dll" in favor of "C:\Program Files\Unity\Hub\Editor\6000.6.0f1\Editor\Data\NetStandard\compat\2.1.0\shims\netfx\System.ComponentModel.Composition.dll"
ExitCode: 0 Duration: 2s143ms
Finished compiling graph: 1160 nodes, 23093 flattened edges (19593 ToBuild, 182 ToUse), maximum node priority 1202
[ 891/1156  1s] ILPP-Configuration Library/ilpp-configuration.nevergeneratedoutput
*** Tundra build success (2.07 seconds), 1 items updated, 1156 evaluated
AssetDatabase: script compilation time: 24.744981s
Begin MonoManager ReloadAssembly
Symbol file LoadedFromMemory is not a mono symbol file
'Packages/com.unity.render-pipelines.core/Editor/Deprecated.cs' contains partial class of Unity.Object, exactly 1 of the partial classes needs to be in a file with the same filename. This is to know the one that can be referenced from ie. GameObjects
'Packages/com.unity.render-pipelines.core/Editor/Deprecated.cs' contains partial class of Unity.Object, exactly 1 of the partial classes needs to be in a file with the same filename. This is to know the one that can be referenced from ie. GameObjects
Refreshing native plugins compatible for Editor in 18.25 ms, found 5 plugins.
Native extension for WindowsStandalone target not found
Refreshing native plugins compatible for Editor in 5.04 ms, found 5 plugins.
ScheduleIndexationOnStartup MainProcess:True IndexOnStartup:True
Scripting: successfully reloaded assembly
- Finished resetting the current domain, in  2.996 seconds
Domain Reload Profiling: 5316ms
	BeginReloadAssembly (587ms)
		DisableScriptedObjects (52ms)
		CreateAndSetChildDomain (212ms)
	RebuildCommonClasses (15ms)
	RebuildNativeTypeToScriptingClass (25ms)
	initialDomainReloadingComplete (106ms)
	LoadAllAssembliesAndSetupDomain (1585ms)
		LoadAssemblies (905ms)
		TypeCache.Refresh (398ms)
			TypeCache.ScanAssembly (364ms)
		AnalyzeDomain (174ms)
			BuildScriptInfoCaches (153ms)
			ResolveRequiredComponents (19ms)
	FinalizeReload (2998ms)
		SetupLoadedEditorAssemblies (0ms)
			LogAssemblyErrors (8ms)
			InitializePlatformSupportModulesInManaged (4ms)
			BeforeProcessingInitializeOnLoad (262ms)
			ProcessInitializeOnLoadAttributes (848ms)
			ProcessInitializeOnLoadMethodAttributes (640ms)
			AfterProcessingInitializeOnLoad (14ms)
			EditorAssembliesLoaded (4ms)
		AwakeInstancesAfterBackupRestoration (64ms)
Starting new worker id: 0 with log in C:/Users/doria/Documents/Game Dev Term 3/Game Programming 2/Demos/Vector Demo/Logs/AssetImportWorkerHW0.log

Asset Pipeline Refresh (id=bef44ee37eafdf7468dcfd894b51b41e): Total: 32.416 seconds - Initiated by InitialRefreshV2(ForceSynchronousImport)
	(Values over 0.05ms)
	Summary:
		Imports: total=0 (actual=0, local cache=0, cache server=0)
		Asset DB Process Time: managed=0 ms, native=4869 ms
		Asset DB Callback time: managed=92 ms, native=82 ms
		Scripting: domain reloads=1, domain reload time=2423 ms, compile time=24750 ms, other=198 ms
		Project Asset Count: scripts=1616, non-scripts=4632
		Asset File Changes: new=0, changed=0, moved=0, deleted=0
		Scan Filter Count: 0
	InvokePackagesCallback: 85.707ms
	ApplyChangesToAssetFolders: 2.562ms
	Scan: 687.932ms
	Collect global state as custom dependencies: 48.524ms
	CategorizeScriptCompilationAssets: 162.565ms
	ProcessAssetsWithTransientArtifactChanges: 161.977ms
	CategorizeAssets: 212.442ms
	CompileScripts: 24749.601ms
	ImportOutOfDateAssets: 3071.495ms (3033.925ms without children)
		ReloadNativeAssets: 0.410ms
		UnloadImportedAssets: 2.164ms
		EnsureUptoDateAssetsAreRegisteredWithGuidPM: 2.792ms
		ImportSchedulerStart: 32.192ms
	PostProcessAllAssets: 92.364ms
		MonoPostProcessAllAssets: 92.232ms
			UniversalRenderPipelineGlobalSettingsPostprocessor.OnPostprocessAllAssets 40.121ms
			SyncVS.PostprocessSyncProject 9.564ms
			WindowAssetPostprocessingWatcher.OnPostprocessAllAssets 5.674ms
			SpeedTree9Postprocessor.OnPostprocessAllAssets 4.289ms
			EditModeScopePostprocessor.OnPostprocessAllAssets 2.260ms
			RenderPipelineGlobalSettingsPostprocessor.OnPostprocessAllAssets 2.032ms
			ShaderReflectionAssetPostProcessor.OnPostprocessAllAssets 1.384ms
			ReferencedClipsPostProcessor.OnPostprocessAllAssets 0.764ms
			InputActionAssetPostprocessor.OnPostprocessAllAssets 0.661ms
			TerrainToolbarOverlayPostProcessor.OnPostprocessAllAssets 0.580ms
			ProjectSettingsPostprocessor.OnPostprocessAllAssets 0.509ms
			AssetDatabaseCallbacks.OnPostprocessAllAssets 0.506ms
	UnloadStreamsBegin: 4.553ms
	PersistCurrentRevisions: 0.439ms
	GenerateScriptTypeHashes: 3.591ms
	GenerateScriptTypeSerializationHashes: 6.237ms
	Untracked: 3125.382ms

Application.AssetDatabase Initial Refresh End
Launched and connected shader compiler UnityShaderCompiler.exe after 0.39 seconds
Scanning for USB devices : 3.854ms
Initializing Unity extensions:
[MODES] ModeService[none].Initialize
[MODES] ModeService[none].LoadModes
[MODES] Loading mode Default (0) for mode-current-id-Vector Demo
Unloading 61 Unused Serialized files (Serialized files now loaded: 0)
Loaded scene 'Assets/Scenes/SampleScene.unity'
	Deserialize:            22.603 ms
	Integration:            535.515 ms
	Integration of assets:  0.009 ms
	Thread Wait Time:       43.161 ms
	Total Operation Time:   601.287 ms
Unloading 7712 unused Assets / (11.5 MB). Loaded Objects now: 8730.
Memory consumption went from 476.7 MB to 465.2 MB.
Total: 457.161800 ms (FindLiveObjects: 1.572600 ms CreateObjectMapping: 0.846800 ms MarkObjects: 444.784400 ms  DeleteObjects: 9.120800 ms)

[LAYOUT] About to load UserSettings\Layouts\default-6000.dwlt, keepMainWindow=False
Worker ready: AssetImportWorkerHW0 0
[LAYOUT] About to save layout C:\Users\doria\Documents\Game Dev Term 3\Game Programming 2\Demos\Vector Demo\UserSettings\Layouts\default-6000.dwlt
[LAYOUT] About to save layout C:/Users/doria/AppData/Roaming/Unity/Editor-5.x/Preferences\Layouts\current\default-6000.dwlt
[MODES] ModeService[default].InitializeCurrentMode
[MODES] ModeService[default].RaiseModeChanged(default, default)
<RI> Initializing input.
Using Windows.Gaming.Input
[Project] Loading completed in 54.967 seconds
	Project init time: 				47.862 seconds
		Template init time: 		0.000 seconds
		Package Manager init time: 		0.006 seconds
		Asset Database init time: 		2.865 seconds
		Global illumination init time: 	0.027 seconds
		Assemblies load time: 			3.509 seconds
		Unity extensions init time: 	0.080 seconds
		Asset Database refresh time: 	32.417 seconds
	Scene opening time: 			6.473 seconds
##utp:{"type":"ProjectInfo","version":2,"phase":"Immediate","time":1789916556840,"processId":17340,"projectLoad":54.9672736,"projectInit":47.8623451,"templateInit":0.0,"packageManagerInit":0.0061922,"assetDatabaseInit":2.8646462,"globalIlluminationInit":0.027464,"assembliesLoad":3.5093711,"unityExtensionsInit":0.0798024,"assetDatabaseRefresh":32.4172518,"sceneOpening":6.4728383}
##utp:{"type":"EditorInfo","version":2,"phase":"Immediate","time":1789916556841,"processId":17340,"editorVersion":"6000.6.0f1 (f7f8ed4d1e24)","branch":"6000.6/respin/6000.6.0f1-fa21a270ab12","buildType":"Release","platform":"Windows"}
Asset Pipeline Refresh (id=879765c7b7c61fa4ba0705112816bb39): Total: 0.284 seconds - Initiated by RefreshV2(AllowForceSynchronousImport)
GPU Resident Drawer created.
Start Indexing on Editor startup
[Indexing] Starting Initial Indexing for Assets
GPU Resident Drawer disposed.
GPU Resident Drawer created.
Created GICache directory at C:/Users/doria/AppData/LocalLow/Unity/Caches/GiCache. Took: 0.057s, timestamps: [55.319 - 55.376]
[Licensing::Client] Successfully resolved entitlement details
[Licensing::Client] Successfully resolved entitlement details
[Licensing::Client] Successfully resolved entitlement details
[Licensing::Client] Successfully updated the access token
[Licensing::Module] Successfully updated access token: "ElCE4bcV"... (expires: 2026-09-20T16:04:21Z)
UPID Received 'f10b0815-bef3-4252-9025-1b17cb0d9ae1'.
[Licensing::Client] Successfully resolved entitlement details
[Licensing::Client] Successfully resolved entitlement details
TrimDiskCacheJob: Current cache size 0mb
Asset Pipeline Refresh (id=bd8366bd52831c4478a3eec1e4c9e732): Total: 0.016 seconds - Initiated by RefreshV2(AllowForceSynchronousImport)
[ScriptCompilation] Requested script compilation because: AssetDatabase observed changes in script compilation related files
[Licensing::Client] Successfully resolved entitlement details
Starting: C:\Program Files\Unity\Hub\Editor\6000.6.0f1\Editor\Data\Tools\BuildPipeline\bee_backend.exe --ipc --defer-dag-verification --dagfile="Library/Bee/1900b0aE.dag" --continue-on-failure --profile="Library/Bee/backend1.traceevents" ScriptAssemblies
WorkingDir: C:/Users/doria/Documents/Game Dev Term 3/Game Programming 2/Demos/Vector Demo
Starting: C:\Program Files\Unity\Hub\Editor\6000.6.0f1\Editor\Data\DotNetSdk\dotnet.exe "C:\Program Files\Unity\Hub\Editor\6000.6.0f1\Editor\Data\Tools\BuildPipeline\ScriptCompilationBuildProgram.exe" "Library/Bee/1900b0aE.dag.json" "Library/Bee/1900b0aE-inputdata.json" "Library\Bee\buildprogram0.traceevents"
WorkingDir: C:/Users/doria/Documents/Game Dev Term 3/Game Programming 2/Demos/Vector Demo
ExitCode: 4 Duration: 4s64ms
[ 889/1156  0s] ILPP-Configuration Library/ilpp-configuration.nevergeneratedoutput
Rebuilding DAG because FileSignature timestamp changed: Library/Bee/1900b0aE-inputdata.json
[1148/1156  3s] Csc Library/Bee/artifacts/1900b0aE.dag/Assembly-CSharp.dll (+2 others)
*** Tundra requires additional run (3.93 seconds), 2 items updated, 1147 evaluated
ExitCode: 0 Duration: 2s283ms
Starting: C:\Program Files\Unity\Hub\Editor\6000.6.0f1\Editor\Data\Tools\BuildPipeline\bee_backend.exe --ipc --defer-dag-verification --dagfile="Library/Bee/1900b0aE.dag" --continue-on-failure --dagfilejson="Library\Bee\1900b0aE.dag.json" --profile="Library/Bee/backend2.traceevents" ScriptAssemblies
WorkingDir: C:/Users/doria/Documents/Game Dev Term 3/Game Programming 2/Demos/Vector Demo
ExitCode: 3 Duration: 1s450ms
Finished compiling graph: 1160 nodes, 23093 flattened edges (19593 ToBuild, 182 ToUse), maximum node priority 1202
[ 601/1156  0s] WriteText Library/Bee/artifacts/1900b0aE.dag/Assembly-CSharp.rsp
[ 889/1156  0s] ILPP-Configuration Library/ilpp-configuration.nevergeneratedoutput
[1148/1156  0s] Csc Library/Bee/artifacts/1900b0aE.dag/Assembly-CSharp.dll (+2 others)
##### CommandLine
"C:\Program Files\Unity\Hub\Editor\6000.6.0f1\Editor\Data\DotNetSdk\dotnet.exe" exec "C:/Program Files/Unity/Hub/Editor/6000.6.0f1/Editor/Data/DotNetSdk/sdk/8.0.318/Roslyn/bincore/csc.dll" /nostdlib /noconfig /shared "@Library/Bee/artifacts/1900b0aE.dag/Assembly-CSharp.rsp" "@Library/Bee/artifacts/1900b0aE.dag/Assembly-CSharp.rsp2"
##### Contents of Library\Bee\artifacts\1900b0aE.dag\Assembly-CSharp.rsp
-target:library
-out:"Library/Bee/artifacts/1900b0aE.dag/Assembly-CSharp.dll"
-refout:"Library/Bee/artifacts/1900b0aE.dag/Assembly-CSharp.ref.dll"
-define:UNITY_6000_6_0
-define:UNITY_6000_6
-define:UNITY_6000
-define:UNITY_5_3_OR_NEWER
-define:UNITY_5_4_OR_NEWER
-define:UNITY_5_5_OR_NEWER
-define:UNITY_5_6_OR_NEWER
-define:UNITY_2017_1_OR_NEWER
-define:UNITY_2017_2_OR_NEWER
-define:UNITY_2017_3_OR_NEWER
-define:UNITY_2017_4_OR_NEWER
-define:UNITY_2018_1_OR_NEWER
-define:UNITY_2018_2_OR_NEWER
-define:UNITY_2018_3_OR_NEWER
-define:UNITY_2018_4_OR_NEWER
-define:UNITY_2019_1_OR_NEWER
-define:UNITY_2019_2_OR_NEWER
-define:UNITY_2019_3_OR_NEWER
-define:UNITY_2019_4_OR_NEWER
-define:UNITY_2020_1_OR_NEWER
-define:UNITY_2020_2_OR_NEWER
-define:UNITY_2020_3_OR_NEWER
-define:UNITY_2021_1_OR_NEWER
-define:UNITY_2021_2_OR_NEWER
-define:UNITY_2021_3_OR_NEWER
-define:UNITY_2022_1_OR_NEWER
-define:UNITY_2022_2_OR_NEWER
-define:UNITY_2022_3_OR_NEWER
-define:UNITY_2023_1_OR_NEWER
-define:UNITY_2023_2_OR_NEWER
-define:UNITY_2023_3_OR_NEWER
-define:UNITY_6000_0_OR_NEWER
-define:UNITY_6000_1_OR_NEWER
-define:UNITY_6000_2_OR_NEWER
-define:UNITY_6000_3_OR_NEWER
-define:UNITY_6000_4_OR_NEWER
-define:UNITY_6000_5_OR_NEWER
-define:UNITY_6000_6_OR_NEWER
-define:PLATFORM_ARCH_64
-define:UNITY_64
-define:UNITY_INCLUDE_TESTS
-define:UNITY_ENABLE_CLOUD_SERVICES_ENGINE_DIAGNOSTICS_MANAGED
-define:ENABLE_AR
-define:ENABLE_AUDIO
-define:ENABLE_AUDIO_SCRIPTABLE_PIPELINE
-define:ENABLE_BURST
-define:ENABLE_CACHING
-define:ENABLE_CLOTH
-define:ENABLE_EVENT_QUEUE
-define:ENABLE_MICROPHONE
-define:ENABLE_MULTIPLE_DISPLAYS
-define:ENABLE_PHYSICS
-define:ENABLE_TEXTURE_STREAMING
-define:ENABLE_VIRTUALTEXTURING
-define:ENABLE_LZMA
-define:ENABLE_UNITYEVENTS
-define:ENABLE_VR
-define:ENABLE_WEBCAM
-define:ENABLE_UNITYWEBREQUEST
-define:ENABLE_WWW
-define:ENABLE_CLOUD_SERVICES
-define:ENABLE_CLOUD_SERVICES_ADS
-define:ENABLE_CLOUD_SERVICES_USE_WEBREQUEST
-define:ENABLE_UNITY_CONSENT
-define:ENABLE_UNITY_CLOUD_IDENTIFIERS
-define:ENABLE_CLOUD_SERVICES_CRASH_REPORTING
-define:ENABLE_CLOUD_SERVICES_NATIVE_CRASH_REPORTING
-define:ENABLE_CLOUD_SERVICES_PURCHASING
-define:ENABLE_CLOUD_SERVICES_ANALYTICS
-define:ENABLE_CLOUD_SERVICES_BUILD
-define:ENABLE_EDITOR_GAME_SERVICES
-define:ENABLE_UNITY_GAME_SERVICES_ANALYTICS_SUPPORT
-define:ENABLE_CLOUD_LICENSE
-define:ENABLE_EDITOR_HUB_LICENSE
-define:ENABLE_WEBSOCKET_CLIENT
-define:ENABLE_GENERATE_NATIVE_PLUGINS_FOR_ASSEMBLIES_API
-define:ENABLE_DIRECTOR_AUDIO
-define:ENABLE_DIRECTOR_TEXTURE
-define:ENABLE_MANAGED_JOBS
-define:ENABLE_MANAGED_TRANSFORM_JOBS
-define:ENABLE_MANAGED_ANIMATION_JOBS
-define:ENABLE_MANAGED_AUDIO_JOBS
-define:ENABLE_MANAGED_UNITYTLS
-define:INCLUDE_DYNAMIC_GI
-define:ENABLE_SCRIPTING_GC_WBARRIERS
-define:PLATFORM_SUPPORTS_MONO
-define:RENDER_SOFTWARE_CURSOR
-define:ENABLE_MARSHALLING_TESTS
-define:ENABLE_VIDEO
-define:ENABLE_NAVIGATION_OFFMESHLINK_TO_NAVMESHLINK
-define:ENABLE_ACCELERATOR_CLIENT_DEBUGGING
-define:ENABLE_ACCESSIBILITY_SCREEN_READER
-define:TEXTCORE_1_0_OR_NEWER
-define:EDITOR_ONLY_NAVMESH_BUILDER_DEPRECATED
-define:INCLUDE_UNIFIED_RAYTRACING_COMPUTE_BACKEND
-define:INCLUDE_UNIFIED_RAYTRACING_HARDWARE_BACKEND
-define:PLATFORM_STANDALONE_WIN
-define:PLATFORM_STANDALONE
-define:UNITY_STANDALONE_WIN
-define:UNITY_STANDALONE
-define:ENABLE_RUNTIME_GI
-define:ENABLE_MOVIES
-define:ENABLE_NETWORK
-define:ENABLE_NVIDIA
-define:ENABLE_AMD
-define:ENABLE_CRUNCH_TEXTURE_COMPRESSION
-define:ENABLE_CLOUD_SERVICES_ENGINE_DIAGNOSTICS
-define:ENABLE_OUT_OF_PROCESS_CRASH_HANDLER
-define:ENABLE_CLUSTER_SYNC
-define:ENABLE_CLUSTERINPUT
-define:PLATFORM_UPDATES_TIME_OUTSIDE_OF_PLAYER_LOOP
-define:GFXDEVICE_WAITFOREVENT_MESSAGEPUMP
-define:PLATFORM_USES_EXPLICIT_MEMORY_MANAGER_INITIALIZER
-define:PLATFORM_SUPPORTS_WAIT_FOR_PRESENTATION
-define:PLATFORM_SUPPORTS_SPLIT_GRAPHICS_JOBS
-define:UNITY_SUPPORTS_GRAPHICS_API_VALIDATION
-define:PLATFORM_USES_VULKAN_OLD_SWAPCHAIN
-define:USE_READ_ASYNC_MANAGED_API
-define:ENABLE_MONO
-define:NET_STANDARD_2_0
-define:NET_STANDARD
-define:NET_STANDARD_2_1
-define:NETSTANDARD
-define:NETSTANDARD2_1
-define:ENABLE_PROFILER
-define:UNITY_INCLUDE_INSTRUMENTATION
-define:DEBUG
-define:TRACE
-define:UNITY_ASSERTIONS
-define:UNITY_ENABLE_CHECKS
-define:UNITY_EDITOR
-define:UNITY_EDITOR_64
-define:UNITY_EDITOR_WIN
-define:ENABLE_UNITY_COLLECTIONS_CHECKS
-define:ENABLE_BURST_AOT
-define:UNITY_TEAM_LICENSE
-define:ENABLE_CUSTOM_RENDER_TEXTURE
-define:ENABLE_DIRECTOR
-define:ENABLE_LOCALIZATION
-define:ENABLE_SPRITES
-define:ENABLE_TERRAIN
-define:ENABLE_TILEMAP
-define:ENABLE_TIMELINE
-define:ENABLE_INPUT_SYSTEM
-define:TEXTCORE_FONT_ENGINE_1_5_OR_NEWER
-define:TEXTCORE_TEXT_ENGINE_1_5_OR_NEWER
-define:TEXTCORE_FONT_ENGINE_1_6_OR_NEWER
-define:CSHARP_7_OR_LATER
-define:CSHARP_7_3_OR_NEWER
-r:"C:/Program Files/Unity/Hub/Editor/6000.6.0f1/Editor/Data/BCLExtensions/TargetingPacks/netstandard2.1/ref/Microsoft.Bcl.AsyncInterfaces.dll"
-r:"C:/Program Files/Unity/Hub/Editor/6000.6.0f1/Editor/Data/BCLExtensions/TargetingPacks/netstandard2.1/ref/Microsoft.Extensions.DependencyInjection.Abstractions.dll"
-r:"C:/Program Files/Unity/Hub/Editor/6000.6.0f1/Editor/Data/BCLExtensions/TargetingPacks/netstandard2.1/ref/Microsoft.Extensions.Logging.Abstractions.dll"
-r:"C:/Program Files/Unity/Hub/Editor/6000.6.0f1/Editor/Data/BCLExtensions/TargetingPacks/netstandard2.1/ref/System.Collections.Immutable.dll"
-r:"C:/Program Files/Unity/Hub/Editor/6000.6.0f1/Editor/Data/BCLExtensions/TargetingPacks/netstandard2.1/ref/System.Diagnostics.DiagnosticSource.dll"
-r:"C:/Program Files/Unity/Hub/Editor/6000.6.0f1/Editor/Data/BCLExtensions/TargetingPacks/netstandard2.1/ref/System.IO.Hashing.dll"
-r:"C:/Program Files/Unity/Hub/Editor/6000.6.0f1/Editor/Data/BCLExtensions/TargetingPacks/netstandard2.1/ref/System.Reflection.Metadata.dll"
-r:"C:/Program Files/Unity/Hub/Editor/6000.6.0f1/Editor/Data/BCLExtensions/TargetingPacks/netstandard2.1/ref/System.Runtime.CompilerServices.Unsafe.dll"
-r:"C:/Program Files/Unity/Hub/Editor/6000.6.0f1/Editor/Data/BCLExtensions/TargetingPacks/netstandard2.1/ref/System.Text.Encodings.Web.dll"
-r:"C:/Program Files/Unity/Hub/Editor/6000.6.0f1/Editor/Data/BCLExtensions/TargetingPacks/netstandard2.1/ref/System.Text.Json.dll"
-r:"C:/Program Files/Unity/Hub/Editor/6000.6.0f1/Editor/Data/Managed/UnityEngine/Unity.Scripting.dll"
-r:"C:/Program Files/Unity/Hub/Editor/6000.6.0f1/Editor/Data/Managed/UnityEngine/UnityEditor.AIModule.dll"
-r:"C:/Program Files/Unity/Hub/Editor/6000.6.0f1/Editor/Data/Managed/UnityEngine/UnityEditor.AccessibilityModule.dll"
-r:"C:/Program Files/Unity/Hub/Editor/6000.6.0f1/Editor/Data/Managed/UnityEngine/UnityEditor.AdaptivePerformanceModule.dll"
-r:"C:/Program Files/Unity/Hub/Editor/6000.6.0f1/Editor/Data/Managed/UnityEngine/UnityEditor.AnimationWindowModule.dll"
-r:"C:/Program Files/Unity/Hub/Editor/6000.6.0f1/Editor/Data/Managed/UnityEngine/UnityEditor.AssetComplianceModule.dll"
-r:"C:/Program Files/Unity/Hub/Editor/6000.6.0f1/Editor/Data/Managed/UnityEngine/UnityEditor.BuildAnalysisModule.dll"
-r:"C:/Program Files/Unity/Hub/Editor/6000.6.0f1/Editor/Data/Managed/UnityEngine/UnityEditor.BuildProfileModule.dll"
-r:"C:/Program Files/Unity/Hub/Editor/6000.6.0f1/Editor/Data/Managed/UnityEngine/UnityEditor.BurstModule.dll"
-r:"C:/Program Files/Unity/Hub/Editor/6000.6.0f1/Editor/Data/Managed/UnityEngine/UnityEditor.ClothModule.dll"
-r:"C:/Program Files/Unity/Hub/Editor/6000.6.0f1/Editor/Data/Managed/UnityEngine/UnityEditor.ContentLoadModule.dll"
-r:"C:/Program Files/Unity/Hub/Editor/6000.6.0f1/Editor/Data/Managed/UnityEngine/UnityEditor.CoreBusinessMetricsModule.dll"
-r:"C:/Program Files/Unity/Hub/Editor/6000.6.0f1/Editor/Data/Managed/UnityEngine/UnityEditor.CoreModule.dll"
-r:"C:/Program Files/Unity/Hub/Editor/6000.6.0f1/Editor/Data/Managed/UnityEngine/UnityEditor.DeviceSimulatorModule.dll"
-r:"C:/Program Files/Unity/Hub/Editor/6000.6.0f1/Editor/Data/Managed/UnityEngine/UnityEditor.DiagnosticsModule.dll"
-r:"C:/Program Files/Unity/Hub/Editor/6000.6.0f1/Editor/Data/Managed/UnityEngine/UnityEditor.EditorToolbarModule.dll"
-r:"C:/Program Files/Unity/Hub/Editor/6000.6.0f1/Editor/Data/Managed/UnityEngine/UnityEditor.EmbreeModule.dll"
-r:"C:/Program Files/Unity/Hub/Editor/6000.6.0f1/Editor/Data/Managed/UnityEngine/UnityEditor.GIModule.dll"
-r:"C:/Program Files/Unity/Hub/Editor/6000.6.0f1/Editor/Data/Managed/UnityEngine/UnityEditor.GenericRemoteModule.dll"
-r:"C:/Program Files/Unity/Hub/Editor/6000.6.0f1/Editor/Data/Managed/UnityEngine/UnityEditor.GraphToolkitModule.dll"
-r:"C:/Program Files/Unity/Hub/Editor/6000.6.0f1/Editor/Data/Managed/UnityEngine/UnityEditor.GraphViewModule.dll"
-r:"C:/Program Files/Unity/Hub/Editor/6000.6.0f1/Editor/Data/Managed/UnityEngine/UnityEditor.GraphicsStateCollectionSerializerModule.dll"
-r:"C:/Program Files/Unity/Hub/Editor/6000.6.0f1/Editor/Data/Managed/UnityEngine/UnityEditor.GridAndSnapModule.dll"
-r:"C:/Program Files/Unity/Hub/Editor/6000.6.0f1/Editor/Data/Managed/UnityEngine/UnityEditor.GridModule.dll"
-r:"C:/Program Files/Unity/Hub/Editor/6000.6.0f1/Editor/Data/Managed/UnityEngine/UnityEditor.HierarchyModule.dll"
-r:"C:/Program Files/Unity/Hub/Editor/6000.6.0f1/Editor/Data/Managed/UnityEngine/UnityEditor.LightingModule.dll"
-r:"C:/Program Files/Unity/Hub/Editor/6000.6.0f1/Editor/Data/Managed/UnityEngine/UnityEditor.MathematicsModule.dll"
-r:"C:/Program Files/Unity/Hub/Editor/6000.6.0f1/Editor/Data/Managed/UnityEngine/UnityEditor.MediaModule.dll"
-r:"C:/Program Files/Unity/Hub/Editor/6000.6.0f1/Editor/Data/Managed/UnityEngine/UnityEditor.MultiplayerModule.dll"
-r:"C:/Program Files/Unity/Hub/Editor/6000.6.0f1/Editor/Data/Managed/UnityEngine/UnityEditor.Physics2DModule.dll"
-r:"C:/Program Files/Unity/Hub/Editor/6000.6.0f1/Editor/Data/Managed/UnityEngine/UnityEditor.PhysicsCore2DModule.dll"
-r:"C:/Program Files/Unity/Hub/Editor/6000.6.0f1/Editor/Data/Managed/UnityEngine/UnityEditor.PhysicsModule.dll"
-r:"C:/Program Files/Unity/Hub/Editor/6000.6.0f1/Editor/Data/Managed/UnityEngine/UnityEditor.PlayModeModule.dll"
-r:"C:/Program Files/Unity/Hub/Editor/6000.6.0f1/Editor/Data/Managed/UnityEngine/UnityEditor.PresetsUIModule.dll"
-r:"C:/Program Files/Unity/Hub/Editor/6000.6.0f1/Editor/Data/Managed/UnityEngine/UnityEditor.ProjectAuditorModule.dll"
-r:"C:/Program Files/Unity/Hub/Editor/6000.6.0f1/Editor/Data/Managed/UnityEngine/UnityEditor.PropertiesModule.dll"
-r:"C:/Program Files/Unity/Hub/Editor/6000.6.0f1/Editor/Data/Managed/UnityEngine/UnityEditor.QuickInstallModule.dll"
-r:"C:/Program Files/Unity/Hub/Editor/6000.6.0f1/Editor/Data/Managed/UnityEngine/UnityEditor.QuickSearchModule.dll"
-r:"C:/Program Files/Unity/Hub/Editor/6000.6.0f1/Editor/Data/Managed/UnityEngine/UnityEditor.SafeModeModule.dll"
-r:"C:/Program Files/Unity/Hub/Editor/6000.6.0f1/Editor/Data/Managed/UnityEngine/UnityEditor.SceneTemplateModule.dll"
-r:"C:/Program Files/Unity/Hub/Editor/6000.6.0f1/Editor/Data/Managed/UnityEngine/UnityEditor.SceneViewModule.dll"
-r:"C:/Program Files/Unity/Hub/Editor/6000.6.0f1/Editor/Data/Managed/UnityEngine/UnityEditor.ShaderBuildSettingsModule.dll"
-r:"C:/Program Files/Unity/Hub/Editor/6000.6.0f1/Editor/Data/Managed/UnityEngine/UnityEditor.ShaderCompilationModule.dll"
-r:"C:/Program Files/Unity/Hub/Editor/6000.6.0f1/Editor/Data/Managed/UnityEngine/UnityEditor.ShaderFoundryModule.dll"
-r:"C:/Program Files/Unity/Hub/Editor/6000.6.0f1/Editor/Data/Managed/UnityEngine/UnityEditor.ShaderPreprocessorModule.dll"
-r:"C:/Program Files/Unity/Hub/Editor/6000.6.0f1/Editor/Data/Managed/UnityEngine/UnityEditor.SketchUpModule.dll"
-r:"C:/Program Files/Unity/Hub/Editor/6000.6.0f1/Editor/Data/Managed/UnityEngine/UnityEditor.SpriteMaskModule.dll"
-r:"C:/Program Files/Unity/Hub/Editor/6000.6.0f1/Editor/Data/Managed/UnityEngine/UnityEditor.SpriteShapeModule.dll"
-r:"C:/Program Files/Unity/Hub/Editor/6000.6.0f1/Editor/Data/Managed/UnityEngine/UnityEditor.SubstanceModule.dll"
-r:"C:/Program Files/Unity/Hub/Editor/6000.6.0f1/Editor/Data/Managed/UnityEngine/UnityEditor.SyntaxTreeModule.dll"
-r:"C:/Program Files/Unity/Hub/Editor/6000.6.0f1/Editor/Data/Managed/UnityEngine/UnityEditor.TerrainModule.dll"
-r:"C:/Program Files/Unity/Hub/Editor/6000.6.0f1/Editor/Data/Managed/UnityEngine/UnityEditor.TextCoreFontEngineModule.dll"
-r:"C:/Program Files/Unity/Hub/Editor/6000.6.0f1/Editor/Data/Managed/UnityEngine/UnityEditor.TextCoreTextEngineModule.dll"
-r:"C:/Program Files/Unity/Hub/Editor/6000.6.0f1/Editor/Data/Managed/UnityEngine/UnityEditor.TextRenderingModule.dll"
-r:"C:/Program Files/Unity/Hub/Editor/6000.6.0f1/Editor/Data/Managed/UnityEngine/UnityEditor.TilemapModule.dll"
-r:"C:/Program Files/Unity/Hub/Editor/6000.6.0f1/Editor/Data/Managed/UnityEngine/UnityEditor.TimelineFoundationModule.dll"
-r:"C:/Program Files/Unity/Hub/Editor/6000.6.0f1/Editor/Data/Managed/UnityEngine/UnityEditor.TreeModule.dll"
-r:"C:/Program Files/Unity/Hub/Editor/6000.6.0f1/Editor/Data/Managed/UnityEngine/UnityEditor.U2DModule.dll"
-r:"C:/Program Files/Unity/Hub/Editor/6000.6.0f1/Editor/Data/Managed/UnityEngine/UnityEditor.UIAutomationModule.dll"
-r:"C:/Program Files/Unity/Hub/Editor/6000.6.0f1/Editor/Data/Managed/UnityEngine/UnityEditor.UIBuilderModule.dll"
-r:"C:/Program Files/Unity/Hub/Editor/6000.6.0f1/Editor/Data/Managed/UnityEngine/UnityEditor.UIElementsModule.dll"
-r:"C:/Program Files/Unity/Hub/Editor/6000.6.0f1/Editor/Data/Managed/UnityEngine/UnityEditor.UIElementsSamplesModule.dll"
-r:"C:/Program Files/Unity/Hub/Editor/6000.6.0f1/Editor/Data/Managed/UnityEngine/UnityEditor.UIToolkitAuthoringModule.dll"
-r:"C:/Program Files/Unity/Hub/Editor/6000.6.0f1/Editor/Data/Managed/UnityEngine/UnityEditor.UmbraModule.dll"
-r:"C:/Program Files/Unity/Hub/Editor/6000.6.0f1/Editor/Data/Managed/UnityEngine/UnityEditor.UnityConnectModule.dll"
-r:"C:/Program Files/Unity/Hub/Editor/6000.6.0f1/Editor/Data/Managed/UnityEngine/UnityEditor.VFXModule.dll"
-r:"C:/Program Files/Unity/Hub/Editor/6000.6.0f1/Editor/Data/Managed/UnityEngine/UnityEditor.VectorGraphicsModule.dll"
-r:"C:/Program Files/Unity/Hub/Editor/6000.6.0f1/Editor/Data/Managed/UnityEngine/UnityEditor.VideoModule.dll"
-r:"C:/Program Files/Unity/Hub/Editor/6000.6.0f1/Editor/Data/Managed/UnityEngine/UnityEditor.XRModule.dll"
-r:"C:/Program Files/Unity/Hub/Editor/6000.6.0f1/Editor/Data/Managed/UnityEngine/UnityEditor.dll"
-r:"C:/Program Files/Unity/Hub/Editor/6000.6.0f1/Editor/Data/Managed/UnityEngine/UnityEngine.AIModule.dll"
-r:"C:/Program Files/Unity/Hub/Editor/6000.6.0f1/Editor/Data/Managed/UnityEngine/UnityEngine.ARModule.dll"
-r:"C:/Program Files/Unity/Hub/Editor/6000.6.0f1/Editor/Data/Managed/UnityEngine/UnityEngine.AccessibilityModule.dll"
-r:"C:/Program Files/Unity/Hub/Editor/6000.6.0f1/Editor/Data/Managed/UnityEngine/UnityEngine.AdaptivePerformanceModule.dll"
-r:"C:/Program Files/Unity/Hub/Editor/6000.6.0f1/Editor/Data/Managed/UnityEngine/UnityEngine.AndroidJNIModule.dll"
-r:"C:/Program Files/Unity/Hub/Editor/6000.6.0f1/Editor/Data/Managed/UnityEngine/UnityEngine.AnimationModule.dll"
-r:"C:/Program Files/Unity/Hub/Editor/6000.6.0f1/Editor/Data/Managed/UnityEngine/UnityEngine.AssetBundleModule.dll"
-r:"C:/Program Files/Unity/Hub/Editor/6000.6.0f1/Editor/Data/Managed/UnityEngine/UnityEngine.AudioModule.dll"
-r:"C:/Program Files/Unity/Hub/Editor/6000.6.0f1/Editor/Data/Managed/UnityEngine/UnityEngine.BurstModule.dll"
-r:"C:/Program Files/Unity/Hub/Editor/6000.6.0f1/Editor/Data/Managed/UnityEngine/UnityEngine.ClothModule.dll"
-r:"C:/Program Files/Unity/Hub/Editor/6000.6.0f1/Editor/Data/Managed/UnityEngine/UnityEngine.ClusterInputModule.dll"
-r:"C:/Program Files/Unity/Hub/Editor/6000.6.0f1/Editor/Data/Managed/UnityEngine/UnityEngine.ClusterRendererModule.dll"
-r:"C:/Program Files/Unity/Hub/Editor/6000.6.0f1/Editor/Data/Managed/UnityEngine/UnityEngine.ContentLoadModule.dll"
-r:"C:/Program Files/Unity/Hub/Editor/6000.6.0f1/Editor/Data/Managed/UnityEngine/UnityEngine.CoreModule.dll"
-r:"C:/Program Files/Unity/Hub/Editor/6000.6.0f1/Editor/Data/Managed/UnityEngine/UnityEngine.CrashReportingModule.dll"
-r:"C:/Program Files/Unity/Hub/Editor/6000.6.0f1/Editor/Data/Managed/UnityEngine/UnityEngine.DSPGraphModule.dll"
-r:"C:/Program Files/Unity/Hub/Editor/6000.6.0f1/Editor/Data/Managed/UnityEngine/UnityEngine.DirectorModule.dll"
-r:"C:/Program Files/Unity/Hub/Editor/6000.6.0f1/Editor/Data/Managed/UnityEngine/UnityEngine.GIModule.dll"
-r:"C:/Program Files/Unity/Hub/Editor/6000.6.0f1/Editor/Data/Managed/UnityEngine/UnityEngine.GameCenterModule.dll"
-r:"C:/Program Files/Unity/Hub/Editor/6000.6.0f1/Editor/Data/Managed/UnityEngine/UnityEngine.GraphicsStateCollectionSerializerModule.dll"
-r:"C:/Program Files/Unity/Hub/Editor/6000.6.0f1/Editor/Data/Managed/UnityEngine/UnityEngine.GridModule.dll"
-r:"C:/Program Files/Unity/Hub/Editor/6000.6.0f1/Editor/Data/Managed/UnityEngine/UnityEngine.HierarchyCoreModule.dll"
-r:"C:/Program Files/Unity/Hub/Editor/6000.6.0f1/Editor/Data/Managed/UnityEngine/UnityEngine.HotReloadModule.dll"
-r:"C:/Program Files/Unity/Hub/Editor/6000.6.0f1/Editor/Data/Managed/UnityEngine/UnityEngine.IMGUIModule.dll"
-r:"C:/Program Files/Unity/Hub/Editor/6000.6.0f1/Editor/Data/Managed/UnityEngine/UnityEngine.IdentifiersModule.dll"
-r:"C:/Program Files/Unity/Hub/Editor/6000.6.0f1/Editor/Data/Managed/UnityEngine/UnityEngine.ImageConversionModule.dll"
-r:"C:/Program Files/Unity/Hub/Editor/6000.6.0f1/Editor/Data/Managed/UnityEngine/UnityEngine.InputForUIModule.dll"
-r:"C:/Program Files/Unity/Hub/Editor/6000.6.0f1/Editor/Data/Managed/UnityEngine/UnityEngine.InputLegacyModule.dll"
-r:"C:/Program Files/Unity/Hub/Editor/6000.6.0f1/Editor/Data/Managed/UnityEngine/UnityEngine.InputModule.dll"
-r:"C:/Program Files/Unity/Hub/Editor/6000.6.0f1/Editor/Data/Managed/UnityEngine/UnityEngine.InsightsModule.dll"
-r:"C:/Program Files/Unity/Hub/Editor/6000.6.0f1/Editor/Data/Managed/UnityEngine/UnityEngine.JSONSerializeModule.dll"
-r:"C:/Program Files/Unity/Hub/Editor/6000.6.0f1/Editor/Data/Managed/UnityEngine/UnityEngine.LocalizationModule.dll"
-r:"C:/Program Files/Unity/Hub/Editor/6000.6.0f1/Editor/Data/Managed/UnityEngine/UnityEngine.ManagedKernelModule.dll"
-r:"C:/Program Files/Unity/Hub/Editor/6000.6.0f1/Editor/Data/Managed/UnityEngine/UnityEngine.MarshallingModule.dll"
-r:"C:/Program Files/Unity/Hub/Editor/6000.6.0f1/Editor/Data/Managed/UnityEngine/UnityEngine.MathematicsModule.dll"
-r:"C:/Program Files/Unity/Hub/Editor/6000.6.0f1/Editor/Data/Managed/UnityEngine/UnityEngine.MultiplayerModule.dll"
-r:"C:/Program Files/Unity/Hub/Editor/6000.6.0f1/Editor/Data/Managed/UnityEngine/UnityEngine.ParticleSystemModule.dll"
-r:"C:/Program Files/Unity/Hub/Editor/6000.6.0f1/Editor/Data/Managed/UnityEngine/UnityEngine.PerformanceReportingModule.dll"
-r:"C:/Program Files/Unity/Hub/Editor/6000.6.0f1/Editor/Data/Managed/UnityEngine/UnityEngine.Physics2DModule.dll"
-r:"C:/Program Files/Unity/Hub/Editor/6000.6.0f1/Editor/Data/Managed/UnityEngine/UnityEngine.PhysicsBackendPhysXModule.dll"
-r:"C:/Program Files/Unity/Hub/Editor/6000.6.0f1/Editor/Data/Managed/UnityEngine/UnityEngine.PhysicsCore2DModule.dll"
-r:"C:/Program Files/Unity/Hub/Editor/6000.6.0f1/Editor/Data/Managed/UnityEngine/UnityEngine.PhysicsModule.dll"
-r:"C:/Program Files/Unity/Hub/Editor/6000.6.0f1/Editor/Data/Managed/UnityEngine/UnityEngine.PropertiesModule.dll"
-r:"C:/Program Files/Unity/Hub/Editor/6000.6.0f1/Editor/Data/Managed/UnityEngine/UnityEngine.RenderAs2DModule.dll"
-r:"C:/Program Files/Unity/Hub/Editor/6000.6.0f1/Editor/Data/Managed/UnityEngine/UnityEngine.RuntimeInitializeOnLoadManagerInitializerModule.dll"
-r:"C:/Program Files/Unity/Hub/Editor/6000.6.0f1/Editor/Data/Managed/UnityEngine/UnityEngine.ScreenCaptureModule.dll"
-r:"C:/Program Files/Unity/Hub/Editor/6000.6.0f1/Editor/Data/Managed/UnityEngine/UnityEngine.ScriptingModule.dll"
-r:"C:/Program Files/Unity/Hub/Editor/6000.6.0f1/Editor/Data/Managed/UnityEngine/UnityEngine.ShaderVariantAnalyticsModule.dll"
-r:"C:/Program Files/Unity/Hub/Editor/6000.6.0f1/Editor/Data/Managed/UnityEngine/UnityEngine.SpriteMaskModule.dll"
-r:"C:/Program Files/Unity/Hub/Editor/6000.6.0f1/Editor/Data/Managed/UnityEngine/UnityEngine.SpriteShapeModule.dll"
-r:"C:/Program Files/Unity/Hub/Editor/6000.6.0f1/Editor/Data/Managed/UnityEngine/UnityEngine.StreamingModule.dll"
-r:"C:/Program Files/Unity/Hub/Editor/6000.6.0f1/Editor/Data/Managed/UnityEngine/UnityEngine.SubstanceModule.dll"
-r:"C:/Program Files/Unity/Hub/Editor/6000.6.0f1/Editor/Data/Managed/UnityEngine/UnityEngine.SubsystemsModule.dll"
-r:"C:/Program Files/Unity/Hub/Editor/6000.6.0f1/Editor/Data/Managed/UnityEngine/UnityEngine.TLSModule.dll"
-r:"C:/Program Files/Unity/Hub/Editor/6000.6.0f1/Editor/Data/Managed/UnityEngine/UnityEngine.TerrainModule.dll"
-r:"C:/Program Files/Unity/Hub/Editor/6000.6.0f1/Editor/Data/Managed/UnityEngine/UnityEngine.TerrainPhysicsModule.dll"
-r:"C:/Program Files/Unity/Hub/Editor/6000.6.0f1/Editor/Data/Managed/UnityEngine/UnityEngine.TetgenModule.dll"
-r:"C:/Program Files/Unity/Hub/Editor/6000.6.0f1/Editor/Data/Managed/UnityEngine/UnityEngine.TextCoreFontEngineModule.dll"
-r:"C:/Program Files/Unity/Hub/Editor/6000.6.0f1/Editor/Data/Managed/UnityEngine/UnityEngine.TextCoreTextEngineModule.dll"
-r:"C:/Program Files/Unity/Hub/Editor/6000.6.0f1/Editor/Data/Managed/UnityEngine/UnityEngine.TextRenderingModule.dll"
-r:"C:/Program Files/Unity/Hub/Editor/6000.6.0f1/Editor/Data/Managed/UnityEngine/UnityEngine.TilemapModule.dll"
-r:"C:/Program Files/Unity/Hub/Editor/6000.6.0f1/Editor/Data/Managed/UnityEngine/UnityEngine.TimelineFoundationModule.dll"
-r:"C:/Program Files/Unity/Hub/Editor/6000.6.0f1/Editor/Data/Managed/UnityEngine/UnityEngine.U2DRuntimeModule.dll"
-r:"C:/Program Files/Unity/Hub/Editor/6000.6.0f1/Editor/Data/Managed/UnityEngine/UnityEngine.UIElementsModule.dll"
-r:"C:/Program Files/Unity/Hub/Editor/6000.6.0f1/Editor/Data/Managed/UnityEngine/UnityEngine.UIModule.dll"
-r:"C:/Program Files/Unity/Hub/Editor/6000.6.0f1/Editor/Data/Managed/UnityEngine/UnityEngine.UmbraModule.dll"
-r:"C:/Program Files/Unity/Hub/Editor/6000.6.0f1/Editor/Data/Managed/UnityEngine/UnityEngine.UnityAnalyticsCommonModule.dll"
-r:"C:/Program Files/Unity/Hub/Editor/6000.6.0f1/Editor/Data/Managed/UnityEngine/UnityEngine.UnityAnalyticsModule.dll"
-r:"C:/Program Files/Unity/Hub/Editor/6000.6.0f1/Editor/Data/Managed/UnityEngine/UnityEngine.UnityConnectModule.dll"
-r:"C:/Program Files/Unity/Hub/Editor/6000.6.0f1/Editor/Data/Managed/UnityEngine/UnityEngine.UnityConsentModule.dll"
-r:"C:/Program Files/Unity/Hub/Editor/6000.6.0f1/Editor/Data/Managed/UnityEngine/UnityEngine.UnityCurlModule.dll"
-r:"C:/Program Files/Unity/Hub/Editor/6000.6.0f1/Editor/Data/Managed/UnityEngine/UnityEngine.UnityWebRequestAssetBundleModule.dll"
-r:"C:/Program Files/Unity/Hub/Editor/6000.6.0f1/Editor/Data/Managed/UnityEngine/UnityEngine.UnityWebRequestAudioModule.dll"
-r:"C:/Program Files/Unity/Hub/Editor/6000.6.0f1/Editor/Data/Managed/UnityEngine/UnityEngine.UnityWebRequestModule.dll"
-r:"C:/Program Files/Unity/Hub/Editor/6000.6.0f1/Editor/Data/Managed/UnityEngine/UnityEngine.UnityWebRequestTextureModule.dll"
-r:"C:/Program Files/Unity/Hub/Editor/6000.6.0f1/Editor/Data/Managed/UnityEngine/UnityEngine.UnityWebRequestWWWModule.dll"
-r:"C:/Program Files/Unity/Hub/Editor/6000.6.0f1/Editor/Data/Managed/UnityEngine/UnityEngine.VFXModule.dll"
-r:"C:/Program Files/Unity/Hub/Editor/6000.6.0f1/Editor/Data/Managed/UnityEngine/UnityEngine.VectorGraphicsModule.dll"
-r:"C:/Program Files/Unity/Hub/Editor/6000.6.0f1/Editor/Data/Managed/UnityEngine/UnityEngine.VehiclesModule.dll"
-r:"C:/Program Files/Unity/Hub/Editor/6000.6.0f1/Editor/Data/Managed/UnityEngine/UnityEngine.VideoModule.dll"
-r:"C:/Program Files/Unity/Hub/Editor/6000.6.0f1/Editor/Data/Managed/UnityEngine/UnityEngine.VirtualTexturingModule.dll"
-r:"C:/Program Files/Unity/Hub/Editor/6000.6.0f1/Editor/Data/Managed/UnityEngine/UnityEngine.WindModule.dll"
-r:"C:/Program Files/Unity/Hub/Editor/6000.6.0f1/Editor/Data/Managed/UnityEngine/UnityEngine.XRModule.dll"
-r:"C:/Program Files/Unity/Hub/Editor/6000.6.0f1/Editor/Data/Managed/UnityEngine/UnityEngine.dll"
-r:"C:/Program Files/Unity/Hub/Editor/6000.6.0f1/Editor/Data/NetStandard/Extensions/2.0.0/System.Runtime.InteropServices.WindowsRuntime.dll"
-r:"C:/Program Files/Unity/Hub/Editor/6000.6.0f1/Editor/Data/NetStandard/compat/2.1.0/shims/netfx/System.ComponentModel.Composition.dll"
-r:"C:/Program Files/Unity/Hub/Editor/6000.6.0f1/Editor/Data/NetStandard/compat/2.1.0/shims/netfx/System.Core.dll"
-r:"C:/Program Files/Unity/Hub/Editor/6000.6.0f1/Editor/Data/NetStandard/compat/2.1.0/shims/netfx/System.Data.dll"
-r:"C:/Program Files/Unity/Hub/Editor/6000.6.0f1/Editor/Data/NetStandard/compat/2.1.0/shims/netfx/System.Drawing.dll"
-r:"C:/Program Files/Unity/Hub/Editor/6000.6.0f1/Editor/Data/NetStandard/compat/2.1.0/shims/netfx/System.IO.Compression.FileSystem.dll"
-r:"C:/Program Files/Unity/Hub/Editor/6000.6.0f1/Editor/Data/NetStandard/compat/2.1.0/shims/netfx/System.Net.dll"
-r:"C:/Program Files/Unity/Hub/Editor/6000.6.0f1/Editor/Data/NetStandard/compat/2.1.0/shims/netfx/System.Numerics.dll"
-r:"C:/Program Files/Unity/Hub/Editor/6000.6.0f1/Editor/Data/NetStandard/compat/2.1.0/shims/netfx/System.Runtime.Serialization.dll"
-r:"C:/Program Files/Unity/Hub/Editor/6000.6.0f1/Editor/Data/NetStandard/compat/2.1.0/shims/netfx/System.ServiceModel.Web.dll"
-r:"C:/Program Files/Unity/Hub/Editor/6000.6.0f1/Editor/Data/NetStandard/compat/2.1.0/shims/netfx/System.Transactions.dll"
-r:"C:/Program Files/Unity/Hub/Editor/6000.6.0f1/Editor/Data/NetStandard/compat/2.1.0/shims/netfx/System.Web.dll"
-r:"C:/Program Files/Unity/Hub/Editor/6000.6.0f1/Editor/Data/NetStandard/compat/2.1.0/shims/netfx/System.Windows.dll"
-r:"C:/Program Files/Unity/Hub/Editor/6000.6.0f1/Editor/Data/NetStandard/compat/2.1.0/shims/netfx/System.Xml.Linq.dll"
-r:"C:/Program Files/Unity/Hub/Editor/6000.6.0f1/Editor/Data/NetStandard/compat/2.1.0/shims/netfx/System.Xml.Serialization.dll"
-r:"C:/Program Files/Unity/Hub/Editor/6000.6.0f1/Editor/Data/NetStandard/compat/2.1.0/shims/netfx/System.Xml.dll"
-r:"C:/Program Files/Unity/Hub/Editor/6000.6.0f1/Editor/Data/NetStandard/compat/2.1.0/shims/netfx/System.dll"
-r:"C:/Program Files/Unity/Hub/Editor/6000.6.0f1/Editor/Data/NetStandard/compat/2.1.0/shims/netfx/mscorlib.dll"
-r:"C:/Program Files/Unity/Hub/Editor/6000.6.0f1/Editor/Data/NetStandard/compat/2.1.0/shims/netstandard/Microsoft.Win32.Primitives.dll"
-r:"C:/Program Files/Unity/Hub/Editor/6000.6.0f1/Editor/Data/NetStandard/compat/2.1.0/shims/netstandard/System.AppContext.dll"
-r:"C:/Program Files/Unity/Hub/Editor/6000.6.0f1/Editor/Data/NetStandard/compat/2.1.0/shims/netstandard/System.Buffers.dll"
-r:"C:/Program Files/Unity/Hub/Editor/6000.6.0f1/Editor/Data/NetStandard/compat/2.1.0/shims/netstandard/System.Collections.Concurrent.dll"
-r:"C:/Program Files/Unity/Hub/Editor/6000.6.0f1/Editor/Data/NetStandard/compat/2.1.0/shims/netstandard/System.Collections.NonGeneric.dll"
-r:"C:/Program Files/Unity/Hub/Editor/6000.6.0f1/Editor/Data/NetStandard/compat/2.1.0/shims/netstandard/System.Collections.Specialized.dll"
-r:"C:/Program Files/Unity/Hub/Editor/6000.6.0f1/Editor/Data/NetStandard/compat/2.1.0/shims/netstandard/System.Collections.dll"
-r:"C:/Program Files/Unity/Hub/Editor/6000.6.0f1/Editor/Data/NetStandard/compat/2.1.0/shims/netstandard/System.ComponentModel.EventBasedAsync.dll"
-r:"C:/Program Files/Unity/Hub/Editor/6000.6.0f1/Editor/Data/NetStandard/compat/2.1.0/shims/netstandard/System.ComponentModel.Primitives.dll"
-r:"C:/Program Files/Unity/Hub/Editor/6000.6.0f1/Editor/Data/NetStandard/compat/2.1.0/shims/netstandard/System.ComponentModel.TypeConverter.dll"
-r:"C:/Program Files/Unity/Hub/Editor/6000.6.0f1/Editor/Data/NetStandard/compat/2.1.0/shims/netstandard/System.ComponentModel.dll"
-r:"C:/Program Files/Unity/Hub/Editor/6000.6.0f1/Editor/Data/NetStandard/compat/2.1.0/shims/netstandard/System.Console.dll"
-r:"C:/Program Files/Unity/Hub/Editor/6000.6.0f1/Editor/Data/NetStandard/compat/2.1.0/shims/netstandard/System.Data.Common.dll"
-r:"C:/Program Files/Unity/Hub/Editor/6000.6.0f1/Editor/Data/NetStandard/compat/2.1.0/shims/netstandard/System.Diagnostics.Contracts.dll"
-r:"C:/Program Files/Unity/Hub/Editor/6000.6.0f1/Editor/Data/NetStandard/compat/2.1.0/shims/netstandard/System.Diagnostics.Debug.dll"
-r:"C:/Program Files/Unity/Hub/Editor/6000.6.0f1/Editor/Data/NetStandard/compat/2.1.0/shims/netstandard/System.Diagnostics.FileVersionInfo.dll"
-r:"C:/Program Files/Unity/Hub/Editor/6000.6.0f1/Editor/Data/NetStandard/compat/2.1.0/shims/netstandard/System.Diagnostics.Process.dll"
-r:"C:/Program Files/Unity/Hub/Editor/6000.6.0f1/Editor/Data/NetStandard/compat/2.1.0/shims/netstandard/System.Diagnostics.StackTrace.dll"
-r:"C:/Program Files/Unity/Hub/Editor/6000.6.0f1/Editor/Data/NetStandard/compat/2.1.0/shims/netstandard/System.Diagnostics.TextWriterTraceListener.dll"
-r:"C:/Program Files/Unity/Hub/Editor/6000.6.0f1/Editor/Data/NetStandard/compat/2.1.0/shims/netstandard/System.Diagnostics.Tools.dll"
-r:"C:/Program Files/Unity/Hub/Editor/6000.6.0f1/Editor/Data/NetStandard/compat/2.1.0/shims/netstandard/System.Diagnostics.TraceSource.dll"
-r:"C:/Program Files/Unity/Hub/Editor/6000.6.0f1/Editor/Data/NetStandard/compat/2.1.0/shims/netstandard/System.Diagnostics.Tracing.dll"
-r:"C:/Program Files/Unity/Hub/Editor/6000.6.0f1/Editor/Data/NetStandard/compat/2.1.0/shims/netstandard/System.Drawing.Primitives.dll"
-r:"C:/Program Files/Unity/Hub/Editor/6000.6.0f1/Editor/Data/NetStandard/compat/2.1.0/shims/netstandard/System.Dynamic.Runtime.dll"
-r:"C:/Program Files/Unity/Hub/Editor/6000.6.0f1/Editor/Data/NetStandard/compat/2.1.0/shims/netstandard/System.Globalization.Calendars.dll"
-r:"C:/Program Files/Unity/Hub/Editor/6000.6.0f1/Editor/Data/NetStandard/compat/2.1.0/shims/netstandard/System.Globalization.Extensions.dll"
-r:"C:/Program Files/Unity/Hub/Editor/6000.6.0f1/Editor/Data/NetStandard/compat/2.1.0/shims/netstandard/System.Globalization.dll"
-r:"C:/Program Files/Unity/Hub/Editor/6000.6.0f1/Editor/Data/NetStandard/compat/2.1.0/shims/netstandard/System.IO.Compression.ZipFile.dll"
-r:"C:/Program Files/Unity/Hub/Editor/6000.6.0f1/Editor/Data/NetStandard/compat/2.1.0/shims/netstandard/System.IO.Compression.dll"
-r:"C:/Program Files/Unity/Hub/Editor/6000.6.0f1/Editor/Data/NetStandard/compat/2.1.0/shims/netstandard/System.IO.FileSystem.DriveInfo.dll"
-r:"C:/Program Files/Unity/Hub/Editor/6000.6.0f1/Editor/Data/NetStandard/compat/2.1.0/shims/netstandard/System.IO.FileSystem.Primitives.dll"
-r:"C:/Program Files/Unity/Hub/Editor/6000.6.0f1/Editor/Data/NetStandard/compat/2.1.0/shims/netstandard/System.IO.FileSystem.Watcher.dll"
-r:"C:/Program Files/Unity/Hub/Editor/6000.6.0f1/Editor/Data/NetStandard/compat/2.1.0/shims/netstandard/System.IO.FileSystem.dll"
-r:"C:/Program Files/Unity/Hub/Editor/6000.6.0f1/Editor/Data/NetStandard/compat/2.1.0/shims/netstandard/System.IO.IsolatedStorage.dll"
-r:"C:/Program Files/Unity/Hub/Editor/6000.6.0f1/Editor/Data/NetStandard/compat/2.1.0/shims/netstandard/System.IO.MemoryMappedFiles.dll"
-r:"C:/Program Files/Unity/Hub/Editor/6000.6.0f1/Editor/Data/NetStandard/compat/2.1.0/shims/netstandard/System.IO.Pipes.dll"
-r:"C:/Program Files/Unity/Hub/Editor/6000.6.0f1/Editor/Data/NetStandard/compat/2.1.0/shims/netstandard/System.IO.UnmanagedMemoryStream.dll"
-r:"C:/Program Files/Unity/Hub/Editor/6000.6.0f1/Editor/Data/NetStandard/compat/2.1.0/shims/netstandard/System.IO.dll"
-r:"C:/Program Files/Unity/Hub/Editor/6000.6.0f1/Editor/Data/NetStandard/compat/2.1.0/shims/netstandard/System.Linq.Expressions.dll"
-r:"C:/Program Files/Unity/Hub/Editor/6000.6.0f1/Editor/Data/NetStandard/compat/2.1.0/shims/netstandard/System.Linq.Parallel.dll"
-r:"C:/Program Files/Unity/Hub/Editor/6000.6.0f1/Editor/Data/NetStandard/compat/2.1.0/shims/netstandard/System.Linq.Queryable.dll"
-r:"C:/Program Files/Unity/Hub/Editor/6000.6.0f1/Editor/Data/NetStandard/compat/2.1.0/shims/netstandard/System.Linq.dll"
-r:"C:/Program Files/Unity/Hub/Editor/6000.6.0f1/Editor/Data/NetStandard/compat/2.1.0/shims/netstandard/System.Memory.dll"
-r:"C:/Program Files/Unity/Hub/Editor/6000.6.0f1/Editor/Data/NetStandard/compat/2.1.0/shims/netstandard/System.Net.Http.dll"
-r:"C:/Program Files/Unity/Hub/Editor/6000.6.0f1/Editor/Data/NetStandard/compat/2.1.0/shims/netstandard/System.Net.NameResolution.dll"
-r:"C:/Program Files/Unity/Hub/Editor/6000.6.0f1/Editor/Data/NetStandard/compat/2.1.0/shims/netstandard/System.Net.NetworkInformation.dll"
-r:"C:/Program Files/Unity/Hub/Editor/6000.6.0f1/Editor/Data/NetStandard/compat/2.1.0/shims/netstandard/System.Net.Ping.dll"
-r:"C:/Program Files/Unity/Hub/Editor/6000.6.0f1/Editor/Data/NetStandard/compat/2.1.0/shims/netstandard/System.Net.Primitives.dll"
-r:"C:/Program Files/Unity/Hub/Editor/6000.6.0f1/Editor/Data/NetStandard/compat/2.1.0/shims/netstandard/System.Net.Requests.dll"
-r:"C:/Program Files/Unity/Hub/Editor/6000.6.0f1/Editor/Data/NetStandard/compat/2.1.0/shims/netstandard/System.Net.Security.dll"
-r:"C:/Program Files/Unity/Hub/Editor/6000.6.0f1/Editor/Data/NetStandard/compat/2.1.0/shims/netstandard/System.Net.Sockets.dll"
-r:"C:/Program Files/Unity/Hub/Editor/6000.6.0f1/Editor/Data/NetStandard/compat/2.1.0/shims/netstandard/System.Net.WebHeaderCollection.dll"
-r:"C:/Program Files/Unity/Hub/Editor/6000.6.0f1/Editor/Data/NetStandard/compat/2.1.0/shims/netstandard/System.Net.WebSockets.Client.dll"
-r:"C:/Program Files/Unity/Hub/Editor/6000.6.0f1/Editor/Data/NetStandard/compat/2.1.0/shims/netstandard/System.Net.WebSockets.dll"
-r:"C:/Program Files/Unity/Hub/Editor/6000.6.0f1/Editor/Data/NetStandard/compat/2.1.0/shims/netstandard/System.Numerics.Vectors.dll"
-r:"C:/Program Files/Unity/Hub/Editor/6000.6.0f1/Editor/Data/NetStandard/compat/2.1.0/shims/netstandard/System.ObjectModel.dll"
-r:"C:/Program Files/Unity/Hub/Editor/6000.6.0f1/Editor/Data/NetStandard/compat/2.1.0/shims/netstandard/System.Reflection.DispatchProxy.dll"
-r:"C:/Program Files/Unity/Hub/Editor/6000.6.0f1/Editor/Data/NetStandard/compat/2.1.0/shims/netstandard/System.Reflection.Emit.ILGeneration.dll"
-r:"C:/Program Files/Unity/Hub/Editor/6000.6.0f1/Editor/Data/NetStandard/compat/2.1.0/shims/netstandard/System.Reflection.Emit.Lightweight.dll"
-r:"C:/Program Files/Unity/Hub/Editor/6000.6.0f1/Editor/Data/NetStandard/compat/2.1.0/shims/netstandard/System.Reflection.Emit.dll"
-r:"C:/Program Files/Unity/Hub/Editor/6000.6.0f1/Editor/Data/NetStandard/compat/2.1.0/shims/netstandard/System.Reflection.Extensions.dll"
-r:"C:/Program Files/Unity/Hub/Editor/6000.6.0f1/Editor/Data/NetStandard/compat/2.1.0/shims/netstandard/System.Reflection.Primitives.dll"
-r:"C:/Program Files/Unity/Hub/Editor/6000.6.0f1/Editor/Data/NetStandard/compat/2.1.0/shims/netstandard/System.Reflection.dll"
-r:"C:/Program Files/Unity/Hub/Editor/6000.6.0f1/Editor/Data/NetStandard/compat/2.1.0/shims/netstandard/System.Resources.Reader.dll"
-r:"C:/Program Files/Unity/Hub/Editor/6000.6.0f1/Editor/Data/NetStandard/compat/2.1.0/shims/netstandard/System.Resources.ResourceManager.dll"
-r:"C:/Program Files/Unity/Hub/Editor/6000.6.0f1/Editor/Data/NetStandard/compat/2.1.0/shims/netstandard/System.Resources.Writer.dll"
-r:"C:/Program Files/Unity/Hub/Editor/6000.6.0f1/Editor/Data/NetStandard/compat/2.1.0/shims/netstandard/System.Runtime.CompilerServices.VisualC.dll"
-r:"C:/Program Files/Unity/Hub/Editor/6000.6.0f1/Editor/Data/NetStandard/compat/2.1.0/shims/netstandard/System.Runtime.Extensions.dll"
-r:"C:/Program Files/Unity/Hub/Editor/6000.6.0f1/Editor/Data/NetStandard/compat/2.1.0/shims/netstandard/System.Runtime.Handles.dll"
-r:"C:/Program Files/Unity/Hub/Editor/6000.6.0f1/Editor/Data/NetStandard/compat/2.1.0/shims/netstandard/System.Runtime.InteropServices.RuntimeInformation.dll"
-r:"C:/Program Files/Unity/Hub/Editor/6000.6.0f1/Editor/Data/NetStandard/compat/2.1.0/shims/netstandard/System.Runtime.InteropServices.dll"
-r:"C:/Program Files/Unity/Hub/Editor/6000.6.0f1/Editor/Data/NetStandard/compat/2.1.0/shims/netstandard/System.Runtime.Numerics.dll"
-r:"C:/Program Files/Unity/Hub/Editor/6000.6.0f1/Editor/Data/NetStandard/compat/2.1.0/shims/netstandard/System.Runtime.Serialization.Formatters.dll"
-r:"C:/Program Files/Unity/Hub/Editor/6000.6.0f1/Editor/Data/NetStandard/compat/2.1.0/shims/netstandard/System.Runtime.Serialization.Json.dll"
-r:"C:/Program Files/Unity/Hub/Editor/6000.6.0f1/Editor/Data/NetStandard/compat/2.1.0/shims/netstandard/System.Runtime.Serialization.Primitives.dll"
-r:"C:/Program Files/Unity/Hub/Editor/6000.6.0f1/Editor/Data/NetStandard/compat/2.1.0/shims/netstandard/System.Runtime.Serialization.Xml.dll"
-r:"C:/Program Files/Unity/Hub/Editor/6000.6.0f1/Editor/Data/NetStandard/compat/2.1.0/shims/netstandard/System.Runtime.dll"
-r:"C:/Program Files/Unity/Hub/Editor/6000.6.0f1/Editor/Data/NetStandard/compat/2.1.0/shims/netstandard/System.Security.Claims.dll"
-r:"C:/Program Files/Unity/Hub/Editor/6000.6.0f1/Editor/Data/NetStandard/compat/2.1.0/shims/netstandard/System.Security.Cryptography.Algorithms.dll"
-r:"C:/Program Files/Unity/Hub/Editor/6000.6.0f1/Editor/Data/NetStandard/compat/2.1.0/shims/netstandard/System.Security.Cryptography.Csp.dll"
-r:"C:/Program Files/Unity/Hub/Editor/6000.6.0f1/Editor/Data/NetStandard/compat/2.1.0/shims/netstandard/System.Security.Cryptography.Encoding.dll"
-r:"C:/Program Files/Unity/Hub/Editor/6000.6.0f1/Editor/Data/NetStandard/compat/2.1.0/shims/netstandard/System.Security.Cryptography.Primitives.dll"
-r:"C:/Program Files/Unity/Hub/Editor/6000.6.0f1/Editor/Data/NetStandard/compat/2.1.0/shims/netstandard/System.Security.Cryptography.X509Certificates.dll"
-r:"C:/Program Files/Unity/Hub/Editor/6000.6.0f1/Editor/Data/NetStandard/compat/2.1.0/shims/netstandard/System.Security.Principal.dll"
-r:"C:/Program Files/Unity/Hub/Editor/6000.6.0f1/Editor/Data/NetStandard/compat/2.1.0/shims/netstandard/System.Security.SecureString.dll"
-r:"C:/Program Files/Unity/Hub/Editor/6000.6.0f1/Editor/Data/NetStandard/compat/2.1.0/shims/netstandard/System.Text.Encoding.Extensions.dll"
-r:"C:/Program Files/Unity/Hub/Editor/6000.6.0f1/Editor/Data/NetStandard/compat/2.1.0/shims/netstandard/System.Text.Encoding.dll"
-r:"C:/Program Files/Unity/Hub/Editor/6000.6.0f1/Editor/Data/NetStandard/compat/2.1.0/shims/netstandard/System.Text.RegularExpressions.dll"
-r:"C:/Program Files/Unity/Hub/Editor/6000.6.0f1/Editor/Data/NetStandard/compat/2.1.0/shims/netstandard/System.Threading.Overlapped.dll"
-r:"C:/Program Files/Unity/Hub/Editor/6000.6.0f1/Editor/Data/NetStandard/compat/2.1.0/shims/netstandard/System.Threading.Tasks.Extensions.dll"
-r:"C:/Program Files/Unity/Hub/Editor/6000.6.0f1/Editor/Data/NetStandard/compat/2.1.0/shims/netstandard/System.Threading.Tasks.Parallel.dll"
-r:"C:/Program Files/Unity/Hub/Editor/6000.6.0f1/Editor/Data/NetStandard/compat/2.1.0/shims/netstandard/System.Threading.Tasks.dll"
-r:"C:/Program Files/Unity/Hub/Editor/6000.6.0f1/Editor/Data/NetStandard/compat/2.1.0/shims/netstandard/System.Threading.Thread.dll"
-r:"C:/Program Files/Unity/Hub/Editor/6000.6.0f1/Editor/Data/NetStandard/compat/2.1.0/shims/netstandard/System.Threading.ThreadPool.dll"
-r:"C:/Program Files/Unity/Hub/Editor/6000.6.0f1/Editor/Data/NetStandard/compat/2.1.0/shims/netstandard/System.Threading.Timer.dll"
-r:"C:/Program Files/Unity/Hub/Editor/6000.6.0f1/Editor/Data/NetStandard/compat/2.1.0/shims/netstandard/System.Threading.dll"
-r:"C:/Program Files/Unity/Hub/Editor/6000.6.0f1/Editor/Data/NetStandard/compat/2.1.0/shims/netstandard/System.ValueTuple.dll"
-r:"C:/Program Files/Unity/Hub/Editor/6000.6.0f1/Editor/Data/NetStandard/compat/2.1.0/shims/netstandard/System.Xml.ReaderWriter.dll"
-r:"C:/Program Files/Unity/Hub/Editor/6000.6.0f1/Editor/Data/NetStandard/compat/2.1.0/shims/netstandard/System.Xml.XDocument.dll"
-r:"C:/Program Files/Unity/Hub/Editor/6000.6.0f1/Editor/Data/NetStandard/compat/2.1.0/shims/netstandard/System.Xml.XPath.XDocument.dll"
-r:"C:/Program Files/Unity/Hub/Editor/6000.6.0f1/Editor/Data/NetStandard/compat/2.1.0/shims/netstandard/System.Xml.XPath.dll"
-r:"C:/Program Files/Unity/Hub/Editor/6000.6.0f1/Editor/Data/NetStandard/compat/2.1.0/shims/netstandard/System.Xml.XmlDocument.dll"
-r:"C:/Program Files/Unity/Hub/Editor/6000.6.0f1/Editor/Data/NetStandard/compat/2.1.0/shims/netstandard/System.Xml.XmlSerializer.dll"
-r:"C:/Program Files/Unity/Hub/Editor/6000.6.0f1/Editor/Data/NetStandard/ref/2.1.0/netstandard.dll"
-r:"Library/PackageCache/com.unity.collections@10fff0607388/Unity.Collections.LowLevel.ILSupport/Unity.Collections.LowLevel.ILSupport.dll"
-r:"Library/PackageCache/com.unity.ext.nunit@0198eae3b53e/net472/unity-custom/nunit.framework.dll"
-r:"Library/PackageCache/com.unity.nuget.mono-cecil@ecb9724e46ff/Mono.Cecil.dll"
-r:"Library/PackageCache/com.unity.nuget.newtonsoft-json@4dfd81071c64/Runtime/Newtonsoft.Json.dll"
-r:"Library/PackageCache/com.unity.visualscripting@4edfcc09512f/Runtime/VisualScripting.Flow/Dependencies/NCalc/Unity.VisualScripting.Antlr3.Runtime.dll"
-r:"Library/Bee/artifacts/1900b0aE.dag/Unity.AI.Navigation.Editor.ConversionSystem.ref.dll"
-r:"Library/Bee/artifacts/1900b0aE.dag/Unity.AI.Navigation.Editor.ref.dll"
-r:"Library/Bee/artifacts/1900b0aE.dag/Unity.AI.Navigation.ref.dll"
-r:"Library/Bee/artifacts/1900b0aE.dag/Unity.AI.Navigation.Updater.ref.dll"
-r:"Library/Bee/artifacts/1900b0aE.dag/Unity.AppUI.Editor.ref.dll"
-r:"Library/Bee/artifacts/1900b0aE.dag/Unity.AppUI.MVVM.ref.dll"
-r:"Library/Bee/artifacts/1900b0aE.dag/Unity.AppUI.Navigation.Editor.ref.dll"
-r:"Library/Bee/artifacts/1900b0aE.dag/Unity.AppUI.Navigation.ref.dll"
-r:"Library/Bee/artifacts/1900b0aE.dag/Unity.AppUI.Redux.Editor.ref.dll"
-r:"Library/Bee/artifacts/1900b0aE.dag/Unity.AppUI.Redux.ref.dll"
-r:"Library/Bee/artifacts/1900b0aE.dag/Unity.AppUI.ref.dll"
-r:"Library/Bee/artifacts/1900b0aE.dag/Unity.AppUI.Undo.ref.dll"
-r:"Library/Bee/artifacts/1900b0aE.dag/Unity.Behavior.Authoring.ref.dll"
-r:"Library/Bee/artifacts/1900b0aE.dag/Unity.Behavior.Editor.ref.dll"
-r:"Library/Bee/artifacts/1900b0aE.dag/Unity.Behavior.GraphFramework.ref.dll"
-r:"Library/Bee/artifacts/1900b0aE.dag/Unity.Behavior.ref.dll"
-r:"Library/Bee/artifacts/1900b0aE.dag/Unity.Behavior.SerializableGUID.ref.dll"
-r:"Library/Bee/artifacts/1900b0aE.dag/Unity.Behavior.Serialization.Editor.ref.dll"
-r:"Library/Bee/artifacts/1900b0aE.dag/Unity.Behavior.Serialization.ref.dll"
-r:"Library/Bee/artifacts/1900b0aE.dag/Unity.Burst.ref.dll"
-r:"Library/Bee/artifacts/1900b0aE.dag/Unity.Collections.Editor.ref.dll"
-r:"Library/Bee/artifacts/1900b0aE.dag/Unity.Collections.ref.dll"
-r:"Library/Bee/artifacts/1900b0aE.dag/Unity.Collections.Tests.CoreCLR.InternalJobNestedPrivate.ref.dll"
-r:"Library/Bee/artifacts/1900b0aE.dag/Unity.Collections.Tests.CoreCLR.PrivateJobNested.ref.dll"
-r:"Library/Bee/artifacts/1900b0aE.dag/Unity.Collections.Tests.CoreCLR.ProtectedJobNested.ref.dll"
-r:"Library/Bee/artifacts/1900b0aE.dag/Unity.Collections.Tests.CoreCLR.PublicJobPrivateGeneric.ref.dll"
-r:"Library/Bee/artifacts/1900b0aE.dag/Unity.GraphAuthoring.Editor.ref.dll"
-r:"Library/Bee/artifacts/1900b0aE.dag/Unity.InputSystem.ForUI.Editor.ref.dll"
-r:"Library/Bee/artifacts/1900b0aE.dag/Unity.InputSystem.ForUI.ref.dll"
-r:"Library/Bee/artifacts/1900b0aE.dag/Unity.InputSystem.ref.dll"
-r:"Library/Bee/artifacts/1900b0aE.dag/Unity.InternalAPIEditorBridge.ShaderGraph.Editor.ref.dll"
-r:"Library/Bee/artifacts/1900b0aE.dag/Unity.InternalAPIEngineBridge.004.ref.dll"
-r:"Library/Bee/artifacts/1900b0aE.dag/Unity.InternalAPIEngineBridge.ObjectDispatcher.Runtime.ref.dll"
-r:"Library/Bee/artifacts/1900b0aE.dag/Unity.InternalAPIEngineBridge.RenderPipelines.Core.Editor.ref.dll"
-r:"Library/Bee/artifacts/1900b0aE.dag/Unity.InternalAPIEngineBridge.RenderPipelines.Core.Runtime.Shared.ref.dll"
-r:"Library/Bee/artifacts/1900b0aE.dag/Unity.Muse.Behavior.ref.dll"
-r:"Library/Bee/artifacts/1900b0aE.dag/Unity.PathTracing.Editor.ref.dll"
-r:"Library/Bee/artifacts/1900b0aE.dag/Unity.PathTracing.Runtime.ref.dll"
-r:"Library/Bee/artifacts/1900b0aE.dag/Unity.PlasticSCM.Editor.Assistant.ref.dll"
-r:"Library/Bee/artifacts/1900b0aE.dag/Unity.PlasticSCM.Editor.ref.dll"
-r:"Library/Bee/artifacts/1900b0aE.dag/Unity.Profiling.Core.ref.dll"
-r:"Library/Bee/artifacts/1900b0aE.dag/Unity.Rendering.LightTransport.Editor.ref.dll"
-r:"Library/Bee/artifacts/1900b0aE.dag/Unity.RenderPipeline.Universal.ShaderLibrary.ref.dll"
-r:"Library/Bee/artifacts/1900b0aE.dag/Unity.RenderPipelines.Core.Editor.ref.dll"
-r:"Library/Bee/artifacts/1900b0aE.dag/Unity.RenderPipelines.Core.Editor.Shared.ref.dll"
-r:"Library/Bee/artifacts/1900b0aE.dag/Unity.RenderPipelines.Core.Runtime.ref.dll"
-r:"Library/Bee/artifacts/1900b0aE.dag/Unity.RenderPipelines.Core.Runtime.Shared.ref.dll"
-r:"Library/Bee/artifacts/1900b0aE.dag/Unity.RenderPipelines.Core.ShaderLibrary.ref.dll"
-r:"Library/Bee/artifacts/1900b0aE.dag/Unity.RenderPipelines.GPUDriven.Runtime.ref.dll"
-r:"Library/Bee/artifacts/1900b0aE.dag/Unity.RenderPipelines.ShaderGraph.ShaderGraphLibrary.ref.dll"
-r:"Library/Bee/artifacts/1900b0aE.dag/Unity.RenderPipelines.Universal.2D.Editor.Overrides.ref.dll"
-r:"Library/Bee/artifacts/1900b0aE.dag/Unity.RenderPipelines.Universal.2D.Runtime.ref.dll"
-r:"Library/Bee/artifacts/1900b0aE.dag/Unity.RenderPipelines.Universal.Config.Runtime.ref.dll"
-r:"Library/Bee/artifacts/1900b0aE.dag/Unity.RenderPipelines.Universal.Editor.ref.dll"
-r:"Library/Bee/artifacts/1900b0aE.dag/Unity.RenderPipelines.Universal.Runtime.ref.dll"
-r:"Library/Bee/artifacts/1900b0aE.dag/Unity.RenderPipelines.Universal.Shaders.ref.dll"
-r:"Library/Bee/artifacts/1900b0aE.dag/Unity.Rider.Editor.ref.dll"
-r:"Library/Bee/artifacts/1900b0aE.dag/Unity.Searcher.Editor.ref.dll"
-r:"Library/Bee/artifacts/1900b0aE.dag/Unity.ShaderGraph.Editor.ref.dll"
-r:"Library/Bee/artifacts/1900b0aE.dag/Unity.SurfaceCache.Runtime.ref.dll"
-r:"Library/Bee/artifacts/1900b0aE.dag/Unity.TextMeshPro.Editor.ref.dll"
-r:"Library/Bee/artifacts/1900b0aE.dag/Unity.TextMeshPro.ref.dll"
-r:"Library/Bee/artifacts/1900b0aE.dag/Unity.Timeline.Editor.ref.dll"
-r:"Library/Bee/artifacts/1900b0aE.dag/Unity.Timeline.ref.dll"
-r:"Library/Bee/artifacts/1900b0aE.dag/Unity.UnifiedRayTracing.Runtime.ref.dll"
-r:"Library/Bee/artifacts/1900b0aE.dag/Unity.VisualScripting.Core.Editor.ref.dll"
-r:"Library/Bee/artifacts/1900b0aE.dag/Unity.VisualScripting.Core.ref.dll"
-r:"Library/Bee/artifacts/1900b0aE.dag/Unity.VisualScripting.Flow.Editor.ref.dll"
-r:"Library/Bee/artifacts/1900b0aE.dag/Unity.VisualScripting.Flow.ref.dll"
-r:"Library/Bee/artifacts/1900b0aE.dag/Unity.VisualScripting.SettingsProvider.Editor.ref.dll"
-r:"Library/Bee/artifacts/1900b0aE.dag/Unity.VisualScripting.Shared.Editor.ref.dll"
-r:"Library/Bee/artifacts/1900b0aE.dag/Unity.VisualScripting.State.Editor.ref.dll"
-r:"Library/Bee/artifacts/1900b0aE.dag/Unity.VisualScripting.State.ref.dll"
-r:"Library/Bee/artifacts/1900b0aE.dag/Unity.VisualStudio.Editor.ref.dll"
-r:"Library/Bee/artifacts/1900b0aE.dag/UnityEditor.UI.Analytics.ref.dll"
-r:"Library/Bee/artifacts/1900b0aE.dag/UnityEditor.UI.ref.dll"
-r:"Library/Bee/artifacts/1900b0aE.dag/UnityEngine.UI.ref.dll"
-analyzer:"C:/Program Files/Unity/Hub/Editor/6000.6.0f1/Editor/Data/BCLExtensions/TargetingPacks/netstandard2.1/analyzers/dotnet/roslyn4.0/cs/Microsoft.Extensions.Logging.Generators.dll"
-analyzer:"C:/Program Files/Unity/Hub/Editor/6000.6.0f1/Editor/Data/BCLExtensions/TargetingPacks/netstandard2.1/analyzers/dotnet/roslyn4.0/cs/System.Text.Json.SourceGeneration.dll"
-analyzer:"C:/Program Files/Unity/Hub/Editor/6000.6.0f1/Editor/Data/Tools/BuildPipeline/Unity.Analyzers.Common/Unity.Analyzers.Common.dll"
-analyzer:"C:/Program Files/Unity/Hub/Editor/6000.6.0f1/Editor/Data/Tools/BuildPipeline/Unity.Analyzers.LongLiving/Unity.Analyzers.LongLiving.dll"
-analyzer:"C:/Program Files/Unity/Hub/Editor/6000.6.0f1/Editor/Data/Tools/BuildPipeline/Unity.SourceGenerators/Unity.Properties.SourceGenerator.dll"
-analyzer:"C:/Program Files/Unity/Hub/Editor/6000.6.0f1/Editor/Data/Tools/BuildPipeline/Unity.SourceGenerators/Unity.SourceGenerators.dll"
-analyzer:"C:/Program Files/Unity/Hub/Editor/6000.6.0f1/Editor/Data/Tools/BuildPipeline/Unity.SourceGenerators/Unity.UIToolkit.SourceGenerator.dll"
-analyzer:"Library/PackageCache/com.unity.dt.app-ui@cd5609b130ce/Runtime/MVVM/SourceGenerators/netstandard2.0/MVVMSourceGenerators.dll"
-analyzer:"Library/PackageCache/com.unity.dt.app-ui@cd5609b130ce/Runtime/SourceGenerators/netstandard2.0/EnumToLowerCase.dll"
"Assets/Scripts/FSM/BasicStateMachine.cs"
"Assets/Scripts/State Machine Lab 2/BaseState.cs"
"Assets/Scripts/State Machine Lab 2/FuncPredicate.cs"
"Assets/Scripts/State Machine Lab 2/GuardState.cs"
"Assets/Scripts/State Machine Lab 2/HarvestState.cs"
"Assets/Scripts/State Machine Lab 2/IPredicate.cs"
"Assets/Scripts/State Machine Lab 2/IState.cs"
"Assets/Scripts/State Machine Lab 2/ITransition.cs"
"Assets/Scripts/State Machine Lab 2/NPCStateMachine.cs"
"Assets/Scripts/State Machine Lab 2/PatrolState.cs"
"Assets/Scripts/State Machine Lab 2/PlantingState.cs"
"Assets/Scripts/State Machine Lab 2/RestState.cs"
"Assets/Scripts/State Machine Lab 2/StateMachine.cs"
"Assets/Scripts/State Machine Lab 2/Transition.cs"
"Assets/Scripts/Vectors.cs"
"Assets/TutorialInfo/Readme.cs"
-langversion:9.0
/deterministic
/optimize+
/debug:portable
/nologo
/RuntimeMetadataVersion:v4.0.30319
/nowarn:0169
/nowarn:0649
/nowarn:0282
/nowarn:1701
/nowarn:1702
/utf8output
/preferreduilang:en-US
/additionalfile:"Library/Bee/artifacts/1900b0aE.dag/Assembly-CSharp.UnityAdditionalFile.txt"
##### Custom Environment Variables
DOTNET_HOST_PATH=C:\Program Files\Unity\Hub\Editor\6000.6.0f1\Editor\Data\DotNetSdk\dotnet.exe
DOTNET_MULTILEVEL_LOOKUP=0
##### ExitCode
1
##### Output
Assets\Scripts\State Machine Lab 2\GuardState.cs(8,65): error CS1729: 'object' does not contain a constructor that takes 2 arguments
*** Tundra build failed (1.40 seconds), 3 items updated, 1156 evaluated
## Script Compilation Error for: Csc Library/Bee/artifacts/1900b0aE.dag/Assembly-CSharp.dll (+2 others)
## CmdLine: "C:\Program Files\Unity\Hub\Editor\6000.6.0f1\Editor\Data\DotNetSdk\dotnet.exe" exec "C:/Program Files/Unity/Hub/Editor/6000.6.0f1/Editor/Data/DotNetSdk/sdk/8.0.318/Roslyn/bincore/csc.dll" /nostdlib /noconfig /shared "@Library/Bee/artifacts/1900b0aE.dag/Assembly-CSharp.rsp" "@Library/Bee/artifacts/1900b0aE.dag/Assembly-CSharp.rsp2"
## Output:
Assets\Scripts\State Machine Lab 2\GuardState.cs(8,65): error CS1729: 'object' does not contain a constructor that takes 2 arguments

Assets\Scripts\State Machine Lab 2\GuardState.cs(8,65): error CS1729: 'object' does not contain a constructor that takes 2 arguments
Refreshing native plugins compatible for Editor in 50.61 ms, found 5 plugins.

Asset Pipeline Refresh (id=497fb627d4d1e4e48a702ade51af57c5): Total: 12.592 seconds - Initiated by RefreshV2(AllowForceSynchronousImport)
	(Values over 0.05ms)
	Summary:
		Imports: total=0 (actual=0, local cache=0, cache server=0)
		Asset DB Process Time: managed=0 ms, native=877 ms
		Asset DB Callback time: managed=2780 ms, native=268 ms
		Scripting: domain reloads=0, domain reload time=0 ms, compile time=8665 ms, other=0 ms
		Project Asset Count: scripts=1616, non-scripts=4632
		Asset File Changes: new=2, changed=2, moved=0, deleted=0
		Scan Filter Count: 0
	InvokePackagesCallback: 6.087ms
	ApplyChangesToAssetFolders: 0.932ms
	Scan: 228.341ms
	Collect global state as custom dependencies: 2.607ms
	OnSourceAssetsModified: 5.541ms
	CategorizeScriptCompilationAssets: 0.238ms
	ProcessAssetsWithTransientArtifactChanges: 8.137ms
	CategorizeAssets: 404.011ms
	CompileScripts: 8665.444ms
	ImportOutOfDateAssets: 29.828ms (6.744ms without children)
		ReloadNativeAssets: 0.250ms
		UnloadImportedAssets: 0.611ms
		EnsureUptoDateAssetsAreRegisteredWithGuidPM: 2.813ms
		ImportSchedulerStart: 19.398ms
	PostProcessAllAssets: 2831.671ms
		XRBuildSystem.XRAssetImported 148.987ms
		VCAutoAddAssetPostprocess 3.499ms
		PostProcessCallbackCreateDeferredMaterials 1.550ms
		ShaderAssetModifiedCallback 0.710ms
		VersionControlSettings.HiddenFilePostprocess 0.217ms
		ObjectImages.AssetImported 0.088ms
		RaytracingShaderImportPostprocess 0.051ms
		MonoPostProcessAllAssets: 2649.092ms
			SyncVS.PostprocessSyncProject 1497.635ms
			AssetPostprocessor.OnPostprocessAllAssets 785.126ms
			BehaviorAssetPostProcessor.OnPostprocessAllAssets 62.607ms
			AudioMixerPostprocessor.OnPostprocessAllAssets 26.370ms
			ShaderGraphAssetPostProcessor.OnPostprocessAllAssets 24.696ms
			ArtifactBrowserPostProcessor.OnPostprocessAllAssets 23.540ms
			ConfigAssetsTracker.OnPostprocessAllAssets 21.880ms
			UVCSAssetPostprocessor.OnPostprocessAllAssets 21.364ms
			PostProcessor.OnPostprocessAllAssets 18.201ms
			TextAssetPostProcessor.OnPostprocessAllAssets 17.943ms
			BuilderAssetPostprocessor.OnPostprocessAllAssets 16.455ms
			StyleCatalogPostProcessor.OnPostprocessAllAssets 11.238ms
			RetainedModeAssetPostprocessor.OnPostprocessAllAssets 11.164ms
			AssetChangedListener.OnPostprocessAllAssets 11.139ms
			AssetEvents.OnPostprocessAllAssets 9.295ms
			TMPro_TexturePostProcessor.OnPostprocessAllAssets 7.319ms
			ScenarioDriftAssetsTracker.OnPostprocessAllAssets 7.269ms
			ThemePostprocessor.OnPostprocessAllAssets 4.532ms
			SamplePostprocessor.OnPostprocessAllAssets 4.204ms
			MaterialPostprocessor.OnPostprocessAllAssets 4.034ms
			InputActionJsonNameModifierAssetProcessor.OnPostprocessAllAssets 2.686ms
			RenderPipelineGlobalSettingsPostprocessor.OnPostprocessAllAssets 2.140ms
			AssetReloadNotifier.OnPostprocessAllAssets 1.462ms
			ProjectSettingsPostprocessor.OnPostprocessAllAssets 1.029ms
			SpeedTreePostProcessor.OnPostprocessAllAssets 1.027ms
			AudioContainerPostProcessor.OnPostprocessAllAssets 0.763ms
			UniversalRenderPipelineGlobalSettingsPostprocessor.OnPostprocessAllAssets 0.250ms
			InputActionAssetPostprocessor.OnPostprocessAllAssets 0.149ms
			WindowAssetPostprocessingWatcher.OnPostprocessAllAssets 0.146ms
			ShaderReflectionAssetPostProcessor.OnPostprocessAllAssets 0.063ms
			SpeedTree9Postprocessor.OnPostprocessAllAssets 0.058ms
			TerrainToolbarOverlayPostProcessor.OnPostprocessAllAssets 0.054ms
	PostAssetChangesProfiler: 209.248ms
	GatherAllCurrentPrimaryImportResultRevisions: 1.502ms
	PersistCurrentRevisions: 12.854ms
	Untracked: 186.175ms

Starting new worker id: 1 with log in C:/Users/doria/Documents/Game Dev Term 3/Game Programming 2/Demos/Vector Demo/Logs/AssetImportWorkerHW1.log
Total cache size 268121165
Total cache size after purge 268121165, took 00:00:04.7989351
[Worker0] Imported GUID: f3c764769a0098c44a7c4da9855a15aa - Path: Assets/Scripts/State Machine Lab 2/GuardState.cs - Importer: ScriptedImporter/UnityEditor.QuickSearchModule:UnityEditor.Search:ASIAI0B -> (ImportResultId: '1b0a8b28cf8e4fb128991754774e716c') in 3.7843567 seconds
[Worker0] Imported GUID: 008f588d7099e9d44bfb3870ec1073ab - Path: Assets/Scripts/State Machine Lab 2/PlantingState.cs - Importer: ScriptedImporter/UnityEditor.QuickSearchModule:UnityEditor.Search:ASIAI0B -> (ImportResultId: 'd18e9bb0719855626eaa357ed72c3227') in 1.091634 seconds
Worker ready: AssetImportWorkerHW1 1
warn: Microsoft.AspNetCore.Server.Kestrel[22]
      As of "09/20/2026 15:19:52 +00:00", the heartbeat has been running for "00:00:01.2172054" which is longer than "00:00:01". This could be caused by thread pool starvation.
[ScriptCompilation] Requested script compilation because: AssetDatabase observed changes in script compilation related files
[Licensing::Client] Successfully resolved entitlement details
Starting: C:\Program Files\Unity\Hub\Editor\6000.6.0f1\Editor\Data\Tools\BuildPipeline\bee_backend.exe --ipc --defer-dag-verification --dagfile="Library/Bee/1900b0aE.dag" --continue-on-failure --profile="Library/Bee/backend1.traceevents" ScriptAssemblies
WorkingDir: C:/Users/doria/Documents/Game Dev Term 3/Game Programming 2/Demos/Vector Demo
ExitCode: 0 Duration: 4s951ms
[ 889/1156  0s] ILPP-Configuration Library/ilpp-configuration.nevergeneratedoutput
[1148/1156  0s] Csc Library/Bee/artifacts/1900b0aE.dag/Assembly-CSharp.dll (+2 others)
[1149/1156  1s] Csc Library/Bee/artifacts/1900b0aE.dag/Assembly-CSharp-Editor.dll (+2 others)
[1150/1156  2s] ILPostProcess Library/Bee/artifacts/1900b0aE.dag/post-processed/Assembly-CSharp-Editor.dll (+pdb)
Processing assembly Library/Bee/artifacts/1900b0aE.dag/Assembly-CSharp-Editor.dll, with 147 defines and 390 references

processors: Unity.Jobs.CodeGen.JobsILPostProcessor, zzzUnity.Burst.CodeGen.BurstILPostProcessor

1 processor(s) skipped this assembly

running Unity.Jobs.CodeGen.JobsILPostProcessor
[1151/1156  3s] ILPostProcess Library/Bee/artifacts/1900b0aE.dag/post-processed/Assembly-CSharp.dll (+pdb)
Processing assembly Library/Bee/artifacts/1900b0aE.dag/Assembly-CSharp.dll, with 149 defines and 368 references

processors: Unity.Jobs.CodeGen.JobsILPostProcessor, zzzUnity.Burst.CodeGen.BurstILPostProcessor

1 processor(s) skipped this assembly

running Unity.Jobs.CodeGen.JobsILPostProcessor
[1152/1156  0s] CopyFiles Library/ScriptAssemblies/Assembly-CSharp.pdb
[1153/1156  0s] CopyFiles Library/ScriptAssemblies/Assembly-CSharp.dll
[1154/1156  0s] CopyFiles Library/ScriptAssemblies/Assembly-CSharp-Editor.dll
[1155/1156  0s] CopyFiles Library/ScriptAssemblies/Assembly-CSharp-Editor.pdb
*** Tundra build success (4.84 seconds), 9 items updated, 1156 evaluated
Reloading assemblies after forced synchronous recompile.
Total cache size 268121165
Total cache size after purge 268121165, took 00:00:02.0997794
Begin MonoManager ReloadAssembly
GPU Resident Drawer disposed.
Symbol file LoadedFromMemory is not a mono symbol file
Refreshing native plugins compatible for Editor in 53.50 ms, found 5 plugins.
Native extension for WindowsStandalone target not found
[MODES] ModeService[none].Initialize
[MODES] ModeService[none].LoadModes
ScheduleIndexationOnStartup MainProcess:True IndexOnStartup:True
Scripting: successfully reloaded assembly
- Finished resetting the current domain, in 10.786 seconds
Domain Reload Profiling: 19146ms
	BeginReloadAssembly (5337ms)
		ExecutionOrderSort (3ms)
		DisableScriptedObjects (1891ms)
		CreateAndSetChildDomain (1656ms)
	RebuildCommonClasses (38ms)
	RebuildNativeTypeToScriptingClass (65ms)
	initialDomainReloadingComplete (347ms)
	LoadAllAssembliesAndSetupDomain (2569ms)
		LoadAssemblies (1124ms)
		TypeCache.Refresh (46ms)
		AnalyzeDomain (1321ms)
			BuildScriptInfoCaches (1061ms)
			ResolveRequiredComponents (229ms)
	FinalizeReload (10790ms)
		SetupLoadedEditorAssemblies (0ms)
			LogAssemblyErrors (6ms)
			InitializePlatformSupportModulesInManaged (7ms)
			BeforeProcessingInitializeOnLoad (1541ms)
			ProcessInitializeOnLoadAttributes (2225ms)
			ProcessInitializeOnLoadMethodAttributes (1758ms)
			AfterProcessingInitializeOnLoad (13ms)
			EditorAssembliesLoaded (5ms)
		AwakeInstancesAfterBackupRestoration (2770ms)
Refreshing native plugins compatible for Editor in 9.54 ms, found 5 plugins.

Asset Pipeline Refresh (id=d34544150d753e0478a4c0344f9154e6): Total: 27.566 seconds - Initiated by RefreshV2(AllowForceSynchronousImport)
	(Values over 0.05ms)
	Summary:
		Imports: total=0 (actual=0, local cache=0, cache server=0)
		Asset DB Process Time: managed=0 ms, native=11773 ms
		Asset DB Callback time: managed=244 ms, native=45 ms
		Scripting: domain reloads=1, domain reload time=9261 ms, compile time=6241 ms, other=0 ms
		Project Asset Count: scripts=1616, non-scripts=4632
		Asset File Changes: new=0, changed=1, moved=0, deleted=0
		Scan Filter Count: 0
	InvokePackagesCallback: 35.447ms
	ApplyChangesToAssetFolders: 2.265ms
	Scan: 26.244ms
	Collect global state as custom dependencies: 23.737ms
	OnSourceAssetsModified: 0.118ms
	CategorizeScriptCompilationAssets: 0.100ms
	ProcessAssetsWithTransientArtifactChanges: 11.600ms
	CategorizeAssets: 325.262ms
	CompileScripts: 6240.629ms
	ImportOutOfDateAssets: 10896.266ms (10884.969ms without children)
		CollectScriptTypesHashes: 128.240ms
		ReloadNativeAssets: 2.960ms
		UnloadImportedAssets: 4.588ms
		EnsureUptoDateAssetsAreRegisteredWithGuidPM: 2.726ms
		ImportSchedulerStart: 0.972ms
	PostProcessAllAssets: 248.100ms
		XRBuildSystem.XRAssetImported 2.263ms
		PostProcessCallbackCreateDeferredMaterials 0.157ms
		MonoPostProcessAllAssets: 244.440ms
			UniversalRenderPipelineGlobalSettingsPostprocessor.OnPostprocessAllAssets 62.848ms
			AssetChangedListener.OnPostprocessAllAssets 25.384ms
			BuilderAssetPostprocessor.OnPostprocessAllAssets 25.139ms
			WindowAssetPostprocessingWatcher.OnPostprocessAllAssets 12.870ms
			AssetPostprocessor.OnPostprocessAllAssets 12.228ms
			SyncVS.PostprocessSyncProject 11.912ms
			SpeedTree9Postprocessor.OnPostprocessAllAssets 7.216ms
			BehaviorAssetPostProcessor.OnPostprocessAllAssets 6.067ms
			RetainedModeAssetPostprocessor.OnPostprocessAllAssets 5.015ms
			MaterialPostprocessor.OnPostprocessAllAssets 4.680ms
			ShaderGraphAssetPostProcessor.OnPostprocessAllAssets 4.630ms
			EditModeScopePostprocessor.OnPostprocessAllAssets 3.634ms
			RenderPipelineGlobalSettingsPostprocessor.OnPostprocessAllAssets 2.293ms
			ShaderReflectionAssetPostProcessor.OnPostprocessAllAssets 1.804ms
			TMPro_TexturePostProcessor.OnPostprocessAllAssets 1.726ms
			ArtifactBrowserPostProcessor.OnPostprocessAllAssets 1.522ms
			InputActionAssetPostprocessor.OnPostprocessAllAssets 1.105ms
			AudioMixerPostprocessor.OnPostprocessAllAssets 1.103ms
			TextAssetPostProcessor.OnPostprocessAllAssets 1.060ms
			ReferencedClipsPostProcessor.OnPostprocessAllAssets 0.980ms
			PostProcessor.OnPostprocessAllAssets 0.944ms
			UVCSAssetPostprocessor.OnPostprocessAllAssets 0.931ms
			InputActionJsonNameModifierAssetProcessor.OnPostprocessAllAssets 0.843ms
			ProjectSettingsPostprocessor.OnPostprocessAllAssets 0.781ms
			AssetEvents.OnPostprocessAllAssets 0.723ms
			StyleCatalogPostProcessor.OnPostprocessAllAssets 0.695ms
			ScenarioDriftAssetsTracker.OnPostprocessAllAssets 0.516ms
			TerrainToolbarOverlayPostProcessor.OnPostprocessAllAssets 0.459ms
			AssetDatabaseCallbacks.OnPostprocessAllAssets 0.458ms
			ConfigAssetsTracker.OnPostprocessAllAssets 0.450ms
			SpeedTreePostProcessor.OnPostprocessAllAssets 0.446ms
			SamplePostprocessor.OnPostprocessAllAssets 0.431ms
			ThemePostprocessor.OnPostprocessAllAssets 0.375ms
			AssetReloadNotifier.OnPostprocessAllAssets 0.313ms
			AudioContainerPostProcessor.OnPostprocessAllAssets 0.308ms
	PostAssetChangesProfiler: 11.534ms
	GatherAllCurrentPrimaryImportResultRevisions: 1.029ms
	PersistCurrentRevisions: 0.529ms
	GenerateScriptTypeHashes: 56.764ms
	GenerateScriptTypeSerializationHashes: 132.978ms
	Untracked: 9602.149ms

[Licensing::Client] Successfully resolved entitlement details
[Licensing::Client] Successfully resolved entitlement details
GPU Resident Drawer created.
[ScriptCompilation] Requested script compilation because: AssetDatabase observed changes in script compilation related files
[Licensing::Client] Successfully resolved entitlement details
Starting: C:\Program Files\Unity\Hub\Editor\6000.6.0f1\Editor\Data\Tools\BuildPipeline\bee_backend.exe --ipc --defer-dag-verification --dagfile="Library/Bee/1900b0aE.dag" --continue-on-failure --profile="Library/Bee/backend1.traceevents" ScriptAssemblies
WorkingDir: C:/Users/doria/Documents/Game Dev Term 3/Game Programming 2/Demos/Vector Demo
ExitCode: 0 Duration: 1s476ms
[ 889/1156  0s] ILPP-Configuration Library/ilpp-configuration.nevergeneratedoutput
[1148/1156  0s] Csc Library/Bee/artifacts/1900b0aE.dag/Assembly-CSharp.dll (+2 others)
[1149/1156  0s] ILPostProcess Library/Bee/artifacts/1900b0aE.dag/post-processed/Assembly-CSharp.dll (+pdb)
Processing assembly Library/Bee/artifacts/1900b0aE.dag/Assembly-CSharp.dll, with 149 defines and 368 references

processors: Unity.Jobs.CodeGen.JobsILPostProcessor, zzzUnity.Burst.CodeGen.BurstILPostProcessor

1 processor(s) skipped this assembly

running Unity.Jobs.CodeGen.JobsILPostProcessor
[1150/1156  0s] CopyFiles Library/ScriptAssemblies/Assembly-CSharp.pdb
[1151/1156  0s] CopyFiles Library/ScriptAssemblies/Assembly-CSharp.dll
[1152/1156  0s] Csc Library/Bee/artifacts/1900b0aE.dag/Assembly-CSharp-Editor.dll (+2 others)
[1153/1156  0s] ILPostProcess Library/Bee/artifacts/1900b0aE.dag/post-processed/Assembly-CSharp-Editor.dll (+pdb)
Processing assembly Library/Bee/artifacts/1900b0aE.dag/Assembly-CSharp-Editor.dll, with 147 defines and 390 references

processors: Unity.Jobs.CodeGen.JobsILPostProcessor, zzzUnity.Burst.CodeGen.BurstILPostProcessor

1 processor(s) skipped this assembly

running Unity.Jobs.CodeGen.JobsILPostProcessor
[1154/1156  0s] CopyFiles Library/ScriptAssemblies/Assembly-CSharp-Editor.pdb
[1155/1156  0s] CopyFiles Library/ScriptAssemblies/Assembly-CSharp-Editor.dll
*** Tundra build success (1.38 seconds), 9 items updated, 1156 evaluated
Reloading assemblies after forced synchronous recompile.
Total cache size 268121165
Total cache size after purge 268121165, took 00:00:00.5031209
Begin MonoManager ReloadAssembly
GPU Resident Drawer disposed.
Symbol file LoadedFromMemory is not a mono symbol file
Refreshing native plugins compatible for Editor in 31.84 ms, found 5 plugins.
Native extension for WindowsStandalone target not found
[MODES] ModeService[none].Initialize
[MODES] ModeService[none].LoadModes
ScheduleIndexationOnStartup MainProcess:True IndexOnStartup:True
Scripting: successfully reloaded assembly
- Finished resetting the current domain, in 13.424 seconds
Domain Reload Profiling: 20204ms
	BeginReloadAssembly (2658ms)
		DisableScriptedObjects (693ms)
		CreateAndSetChildDomain (829ms)
	RebuildCommonClasses (41ms)
	RebuildNativeTypeToScriptingClass (72ms)
	initialDomainReloadingComplete (403ms)
	LoadAllAssembliesAndSetupDomain (3598ms)
		LoadAssemblies (1107ms)
		TypeCache.Refresh (82ms)
			TypeCache.ScanAssembly (4ms)
		AnalyzeDomain (1754ms)
			BuildScriptInfoCaches (1579ms)
			ResolveRequiredComponents (166ms)
	FinalizeReload (13432ms)
		SetupLoadedEditorAssemblies (0ms)
			LogAssemblyErrors (6ms)
			InitializePlatformSupportModulesInManaged (6ms)
			BeforeProcessingInitializeOnLoad (1048ms)
			ProcessInitializeOnLoadAttributes (2768ms)
			ProcessInitializeOnLoadMethodAttributes (2555ms)
			AfterProcessingInitializeOnLoad (65ms)
			EditorAssembliesLoaded (11ms)
		AwakeInstancesAfterBackupRestoration (4951ms)
Refreshing native plugins compatible for Editor in 25.20 ms, found 5 plugins.

Asset Pipeline Refresh (id=df7afb4e3dfb6a94f8b39211f51cb132): Total: 23.975 seconds - Initiated by RefreshV2(AllowForceSynchronousImport)
	(Values over 0.05ms)
	Summary:
		Imports: total=0 (actual=0, local cache=0, cache server=0)
		Asset DB Process Time: managed=0 ms, native=14142 ms
		Asset DB Callback time: managed=360 ms, native=38 ms
		Scripting: domain reloads=1, domain reload time=7247 ms, compile time=2186 ms, other=0 ms
		Project Asset Count: scripts=1616, non-scripts=4632
		Asset File Changes: new=0, changed=3, moved=0, deleted=0
		Scan Filter Count: 0
	InvokePackagesCallback: 9.927ms
	ApplyChangesToAssetFolders: 1.100ms
	Scan: 45.806ms
	Collect global state as custom dependencies: 16.772ms
	OnSourceAssetsModified: 2.568ms
	CategorizeScriptCompilationAssets: 0.161ms
	ProcessAssetsWithTransientArtifactChanges: 23.178ms
	CategorizeAssets: 358.421ms
	CompileScripts: 2186.318ms
	ImportOutOfDateAssets: 13489.427ms (13478.671ms without children)
		CollectScriptTypesHashes: 2.585ms
		ReloadNativeAssets: 4.083ms
		UnloadImportedAssets: 0.182ms
		EnsureUptoDateAssetsAreRegisteredWithGuidPM: 3.498ms
		ImportSchedulerStart: 2.922ms
	PostProcessAllAssets: 366.628ms
		XRBuildSystem.XRAssetImported 4.113ms
		PostProcessCallbackCreateDeferredMaterials 1.819ms
		PostprocessAssetsUpdateCachedIcon 0.072ms
		ShaderAssetModifiedCallback 0.064ms
		MonoPostProcessAllAssets: 357.875ms
			UniversalRenderPipelineGlobalSettingsPostprocessor.OnPostprocessAllAssets 106.282ms
			BuilderAssetPostprocessor.OnPostprocessAllAssets 31.137ms
			AssetChangedListener.OnPostprocessAllAssets 25.843ms
			AssetPostprocessor.OnPostprocessAllAssets 24.101ms
			SyncVS.PostprocessSyncProject 16.044ms
			BehaviorAssetPostProcessor.OnPostprocessAllAssets 13.540ms
			SpeedTree9Postprocessor.OnPostprocessAllAssets 11.317ms
			WindowAssetPostprocessingWatcher.OnPostprocessAllAssets 10.605ms
			ShaderGraphAssetPostProcessor.OnPostprocessAllAssets 9.053ms
			RetainedModeAssetPostprocessor.OnPostprocessAllAssets 6.812ms
			EditModeScopePostprocessor.OnPostprocessAllAssets 5.330ms
			RenderPipelineGlobalSettingsPostprocessor.OnPostprocessAllAssets 4.105ms
			MaterialPostprocessor.OnPostprocessAllAssets 3.928ms
			PostProcessor.OnPostprocessAllAssets 3.533ms
			ShaderReflectionAssetPostProcessor.OnPostprocessAllAssets 3.311ms
			ArtifactBrowserPostProcessor.OnPostprocessAllAssets 3.019ms
			TMPro_TexturePostProcessor.OnPostprocessAllAssets 2.825ms
			ReferencedClipsPostProcessor.OnPostprocessAllAssets 2.624ms
			AudioMixerPostprocessor.OnPostprocessAllAssets 2.430ms
			InputActionJsonNameModifierAssetProcessor.OnPostprocessAllAssets 2.289ms
			InputActionAssetPostprocessor.OnPostprocessAllAssets 2.157ms
			AssetEvents.OnPostprocessAllAssets 1.791ms
			TextAssetPostProcessor.OnPostprocessAllAssets 1.786ms
			ProjectSettingsPostprocessor.OnPostprocessAllAssets 1.721ms
			StyleCatalogPostProcessor.OnPostprocessAllAssets 1.642ms
			UVCSAssetPostprocessor.OnPostprocessAllAssets 1.517ms
			SpeedTreePostProcessor.OnPostprocessAllAssets 0.941ms
			TerrainToolbarOverlayPostProcessor.OnPostprocessAllAssets 0.820ms
			AssetDatabaseCallbacks.OnPostprocessAllAssets 0.792ms
			ThemePostprocessor.OnPostprocessAllAssets 0.777ms
			SamplePostprocessor.OnPostprocessAllAssets 0.776ms
			ScenarioDriftAssetsTracker.OnPostprocessAllAssets 0.713ms
			ConfigAssetsTracker.OnPostprocessAllAssets 0.706ms
			AudioContainerPostProcessor.OnPostprocessAllAssets 0.545ms
			AssetReloadNotifier.OnPostprocessAllAssets 0.542ms
	PostAssetChangesProfiler: 27.395ms
	GatherAllCurrentPrimaryImportResultRevisions: 1.430ms
	PersistCurrentRevisions: 0.886ms
	GenerateScriptTypeHashes: 11.564ms
	GenerateScriptTypeSerializationHashes: 19.998ms
	Untracked: 7387.137ms

[Licensing::Client] Successfully resolved entitlement details
[Licensing::Client] Successfully resolved entitlement details
GPU Resident Drawer created.
Asset Pipeline Refresh (id=88dc507eaadd748408d0a6a8cf7bd36f): Total: 0.055 seconds - Initiated by RefreshV2(AllowForceSynchronousImport)
Importing 'GUID: cbc968ab9be863b4797512e6c1555393 - Path: Assets/Scripts/State Machine Lab 2.zip' with importer (DefaultImporter)
Imported 'GUID: cbc968ab9be863b4797512e6c1555393' -> (Import Result ID: '09fea9901f30f250ef3b8aca1f760cf1') in 0.072 seconds [static dependencies only]. Details - ImportResultOutputID=33d6e49165cec2d86001a6c8167393b5 DependenciesID=2ade6ebb2fdb918d7780e1acb578bb8b StaticDependenciesID=9f59b3b61c8dd09be82f0750c9176b9a 
Refreshing native plugins compatible for Editor in 11.17 ms, found 5 plugins.
Asset Pipeline Refresh (id=4cc62965f69b3b2439eceed2e081740e): Total: 0.248 seconds - Initiated by RefreshV2(AllowForceSynchronousImport)
Importing 'GUID: 00000000000000009000000000000000 - Path: ProjectSettings/QualitySettings.asset' with importer (LibraryAssetImporter)
Imported 'GUID: 00000000000000009000000000000000' -> (Import Result ID: '8151b601d05d3e12de314c2aa1f82962') in 0.003 seconds [static dependencies only]. Details - ImportResultOutputID=2a108b3da874f726c62fbe5f12be4a8a DependenciesID=6180c49ef29638684367d2893c04e070 StaticDependenciesID=5b19720d9149525484b40148944c8e26 
Importing 'GUID: 0000000000000000b000000000000000 - Path: ProjectSettings/EditorBuildSettings.asset' with importer (LibraryAssetImporter)
Imported 'GUID: 0000000000000000b000000000000000' -> (Import Result ID: '3c19b308952b35b734bf099f21d37665') in 0.002 seconds [static dependencies only]. Details - ImportResultOutputID=0a89a5c5f492143e0fa186859e17ba6f DependenciesID=4f8ec4e36f813dd9c354621b05b8a7dd StaticDependenciesID=87c0e5c1f2d1a5f3ee6c43cac2d18a2e 
Refreshing native plugins compatible for Editor in 3.58 ms, found 5 plugins.
Asset Pipeline Refresh (id=f253d87d33691bf42a8a4c71e0c26d03): Total: 0.038 seconds - Initiated by StopAssetImportingV2(NoUpdateAssetOptions)
MonoPathRemapper: Attempts to remap: 78326; Successful remaps: 31104
Serialized file version minimum: 23, current 23
[LAYOUT] About to save layout C:\Users\doria\Documents\Game Dev Term 3\Game Programming 2\Demos\Vector Demo\UserSettings\Layouts\default-6000.dwlt
[LAYOUT] About to save layout C:/Users/doria/AppData/Roaming/Unity/Editor-5.x/Preferences\Layouts\current\default-6000.dwlt
GPU Resident Drawer disposed.
Input System module state changed to: ShutdownInProgress.
Input Polling Thread exited.
Input System module state changed to: Shutdown.
[Physics::Module] Cleanup current backend.
[Physics::Module] Id: 0xf2b8ea05
[Licensing::IpcConnector] LicenseClient-doria-notifications channel disconnected successfully.
[Licensing::IpcConnector] LicenseClient-doria channel disconnected successfully.
Lingering sessions upon destruction of worker manager
Unity Data Store service was successfully shut down
UDS shutting down local client system
Shut down UDS service system complete
AcceleratorClientConnectionCallback - disconnected - :0
Cleanup mono
CodeReloadManager destroyed
abort_threads: Failed aborting id: 0000000000003E08, mono_thread_manage will ignore it

abort_threads: Failed aborting id: 000000000000789C, mono_thread_manage will ignore it

abort_threads: Failed aborting id: 0000000000003E08, mono_thread_manage will ignore it

abort_threads: Failed aborting id: 000000000000789C, mono_thread_manage will ignore it

debugger-agent: Unable to listen on 3772
Checking for leaked weakptr:
  Found no leaked weakptrs.
[Package Manager] Server process was shutdown
##utp:{"type":"MemoryLeaks","version":2,"phase":"Immediate","time":1789918895205,"processId":17340,"allocatedMemory":24182604,"memoryLabels":[{"Default":202090},{"Permanent":15516},{"NewDelete":71313},{"Thread":4198024},{"Manager":2337189},{"VertexData":8},{"Geometry":816},{"Texture":24},{"Shader":856724},{"Material":24},{"GfxDevice":55968},{"Animation":952},{"Audio":984},{"FreeType":8},{"FontEngine":736},{"Physics":1970},{"Physics2D":16},{"Serialization":16864},{"Input":45280},{"JobScheduler":256},{"TextLib":19933},{"Mono":48},{"MonoCode":128},{"ScriptingNativeRuntime":1304360},{"BaseObject":49232},{"Resource":1208},{"Renderer":2384},{"Transform":4685},{"File":7389},{"WebCam":616},{"Culling":32},{"Terrain":11442},{"Wind":24},{"STL":40},{"String":2026026},{"StaticString":3808},{"Utility":2674450},{"Curl":48},{"PoolAlloc":2840},{"AI":80},{"TypeTree":369191},{"ScriptManager":25280},{"CodeReload":448},{"RuntimeInitializeOnLoadManager":64},{"Sprites":102},{"SpriteAtlas":120},{"GI":7816},{"Director":8296},{"CloudService":7872},{"WebRequest":4711},{"VR":49650},{"SceneManager":608},{"Video":208},{"LazyScriptCache":32},{"NativeArray":14652},{"Camera":729},{"Secure":265},{"SerializationCache":9256},{"APIUpdating":10320},{"Subsystems":336},{"VirtualTexturing":57888},{"StaticSafetyDebugInfo":278528},{"Analytics":768},{"Hierarchy":1188},{"UIElements":40},{"CoreStats":14456},{"Identifiers":7152},{"Gui":267992},{"EditorUtility":160944},{"VersionControl":8},{"Undo":931},{"AssetDatabase":8902874},{"AssetImporter":40},{"EditorGi":328},{"UnityConnect":36881},{"Upm":1988},{"UpmDiagnostics":8},{"AssetCompliance":96},{"DrivenProperties":72},{"LocalIPC":260},{"ProfilerEditor":9746},{"CoreBusinessMetrics":3600},{"Windowing":456},{"Licensing":12805},{"AssetReference":32},{"IPCStream":32}]}
